sample_key,video_id,clip_id,role,modalities,official_text_sha256,source_video_relpath,source_video_sha256,source_label_xlsx_sha256,ffprobe_format_duration_sec,npz_path,npz_bytes,output_sha256,schema_version,config_sha256,roberta_model_sha256,mediapipe_model_sha256,opensmile_config_sha256,text_sequence_length,audio_observation_length,video_frame_count,face_detected_frame_count,original_effective_duration_sec,valid_length,alignment_mode,alignment_granularity,text_av_time_mapping_status,text_audio_correspondence,content_assertion,word_time_basis,alignment_source,text_present,text_content_valid,audio_present,audio_observation_valid,audio_speech_valid,video_present,audio_visual_time_valid,vision_feature_valid,face_feature_valid,n_official_words,n_aligner_slots,n_structurally_valid_words,alignment_zero_duration_word_count,alignment_mapping_fail_count,text_valid_words,audio_valid_words,vision_valid_words,face_valid_ratio,word_union_coverage_ratio,audio_coverage_start_sec,audio_coverage_end_sec,video_coverage_start_sec,video_coverage_end_sec,av_common_coverage_start_sec,av_common_coverage_end_sec
-3g5yACwYnA$_$13,-3g5yACwYnA,13,ordinary_median_duration_proxy,text|audio|vision,16bee1b5ecbd8d2632c5d48e5629380ddae687005479cd6e775fcffb79b58dd8,data/attachment1/E题数据/E题数据/附件1-数据集原始多模态样本/MOSEI数据集部分原始视频-100条/-3g5yACwYnA/13.mp4,aeb47627f59dce3d0a85a44ef35e4a3bc18211498e98c8c11cf60269646df24f,827334f782b1f242c84ad944a657bc7f7c63643f71ae9c977811a3eecdd3ab33,5.513997,-3g5yACwYnA___13.npz,151823,9097ef51d4f6ccded24e05a87401010c4133eb49b44ae4307ecb3e0978578f46,q1v2-feature-v1.0,2f9a7e731fd744f40638f1f66ba49efd67f3dae0b2a875dfd67389bcda423a36,5bde1d28afb363d0103324efeb5afc8b2b397fe5e04beabb9b1ef355255ade81,64184e229b263107bc2b804c6625db1341ff2bb731874b0bcc2fe6544e0bc9ff,ef451953badced2ed112ba4ffb997f9d2a7e7c444a09e8092665eadd9f24109e,15,535,163,163,5.5,14,UNCERTAIN_REVIEW,word,word_partial,not_asserted,0,own_forced_alignment,q1v2_own_stable_ts_run,1,1,1,1,-1,1,1,1,1,15,15,14,1,0,15,14,14,1.0,0.6315838214525502,0.0,5.399125,0.0,5.5,0.0,5.399125
-3g5yACwYnA$_$2,-3g5yACwYnA,2,ordinary_median_duration_proxy,text|audio|vision,3d29e4bd12105ed426b7ec516a3eafc8f4d8363f8c284ea20b5944e014777e04,data/attachment1/E题数据/E题数据/附件1-数据集原始多模态样本/MOSEI数据集部分原始视频-100条/-3g5yACwYnA/2.mp4,0619c01f137d017c15c058176f18a575919189c7e81ebd2bfb993afdb86f3de7,827334f782b1f242c84ad944a657bc7f7c63643f71ae9c977811a3eecdd3ab33,9.39401,-3g5yACwYnA___2.npz,205664,6936bfcb727da3b2b8b0103e865d2cb67bc52d2913f16c4f4bde6464e8ee3257,q1v2-feature-v1.0,2f9a7e731fd744f40638f1f66ba49efd67f3dae0b2a875dfd67389bcda423a36,5bde1d28afb363d0103324efeb5afc8b2b397fe5e04beabb9b1ef355255ade81,64184e229b263107bc2b804c6625db1341ff2bb731874b0bcc2fe6544e0bc9ff,ef451953badced2ed112ba4ffb997f9d2a7e7c444a09e8092665eadd9f24109e,14,919,278,278,9.366666666666667,14,UNCERTAIN_REVIEW,word,word_valid,not_asserted,0,own_forced_alignment,q1v2_own_stable_ts_run,1,1,1,1,-1,1,1,1,1,14,14,14,0,0,14,14,14,1.0,0.6846263735519732,0.0,9.2313125,0.0,9.366666666666667,0.0,9.2313125
-3g5yACwYnA$_$3,-3g5yACwYnA,3,ordinary_median_duration_proxy,text|audio|vision,e34429bb59081603d60a09b558b648c0a68e8f0cd59532d1b1f62cb45ee5d0b7,data/attachment1/E题数据/E题数据/附件1-数据集原始多模态样本/MOSEI数据集部分原始视频-100条/-3g5yACwYnA/3.mp4,eff8cfefba2425155f2b72656829b34b23be8bfe1dcbece384154f56818aa26d,827334f782b1f242c84ad944a657bc7f7c63643f71ae9c977811a3eecdd3ab33,14.388997,-3g5yACwYnA___3.npz,328002,ec9fd20936e7d2837375fb73151045a91a164d84a789e69ee9cf797e0d3bf784,q1v2-feature-v1.0,2f9a7e731fd744f40638f1f66ba49efd67f3dae0b2a875dfd67389bcda423a36,5bde1d28afb363d0103324efeb5afc8b2b397fe5e04beabb9b1ef355255ade81,64184e229b263107bc2b804c6625db1341ff2bb731874b0bcc2fe6544e0bc9ff,ef451953badced2ed112ba4ffb997f9d2a7e7c444a09e8092665eadd9f24109e,29,1428,431,431,14.366666666666667,28,UNCERTAIN_REVIEW,word,word_partial,not_asserted,0,own_forced_alignment,q1v2_own_stable_ts_run,1,1,1,1,-1,1,1,1,1,29,29,28,1,0,29,28,28,1.0,0.760754822330597,0.0,14.327875,0.0,14.366666666666667,0.0,14.327875
-3g5yACwYnA$_$9,-3g5yACwYnA,9,ordinary_median_duration_proxy,text|audio|vision,edf40f3bc90720a15b5edde898ad73ac8914812e2e3d6da541110446b6376f81,data/attachment1/E题数据/E题数据/附件1-数据集原始多模态样本/MOSEI数据集部分原始视频-100条/-3g5yACwYnA/9.mp4,b962573b12ed1f06d5533f6427c80dce2bae3a99dd332f6d3fcb32c579f3f016,827334f782b1f242c84ad944a657bc7f7c63643f71ae9c977811a3eecdd3ab33,8.816992,-3g5yACwYnA___9.npz,223061,137413a238c4b6c9eff9d151137180da56cc23ad38dc6edd265d50e986a97119,q1v2-feature-v1.0,2f9a7e731fd744f40638f1f66ba49efd67f3dae0b2a875dfd67389bcda423a36,5bde1d28afb363d0103324efeb5afc8b2b397fe5e04beabb9b1ef355255ade81,64184e229b263107bc2b804c6625db1341ff2bb731874b0bcc2fe6544e0bc9ff,ef451953badced2ed112ba4ffb997f9d2a7e7c444a09e8092665eadd9f24109e,21,865,263,263,8.8,21,UNCERTAIN_REVIEW,word,word_valid,not_asserted,0,own_forced_alignment,q1v2_own_stable_ts_run,1,1,1,1,-1,1,1,1,1,21,21,21,0,0,21,21,21,1.0,0.6566142965976226,0.0,8.696125,0.0,8.8,0.0,8.696125
-3nNcZdcdvU$_$5,-3nNcZdcdvU,5,ordinary_median_duration_proxy,text|audio|vision,79c1af6a9ee4395006d8253e8a2c10d2fa1dff409dcb41389b13cd8388f6d6f5,data/attachment1/E题数据/E题数据/附件1-数据集原始多模态样本/MOSEI数据集部分原始视频-100条/-3nNcZdcdvU/5.mp4,7ea53ad502b77be7d2ee4494dc23a9478c897792203cf887d546e83d584c1728,827334f782b1f242c84ad944a657bc7f7c63643f71ae9c977811a3eecdd3ab33,7.867969,-3nNcZdcdvU___5.npz,199094,c770be56a4dbb9ab748171900b64ddfd8059214f45458d403ff4d215496f0adc,q1v2-feature-v1.0,2f9a7e731fd744f40638f1f66ba49efd67f3dae0b2a875dfd67389bcda423a36,5bde1d28afb363d0103324efeb5afc8b2b397fe5e04beabb9b1ef355255ade81,64184e229b263107bc2b804c6625db1341ff2bb731874b0bcc2fe6544e0bc9ff,ef451953badced2ed112ba4ffb997f9d2a7e7c444a09e8092665eadd9f24109e,18,774,236,235,7.866666666666666,17,UNCERTAIN_REVIEW,word,word_partial,not_asserted,0,own_forced_alignment,q1v2_own_stable_ts_run,1,1,1,1,-1,1,1,1,1,18,18,17,1,0,18,17,17,0.9957627118644068,0.7421138367959428,0.0,7.7885625,0.0,7.866666666666666,0.0,7.7885625
-571d8cVauQ$_$0,-571d8cVauQ,0,ordinary_median_duration_proxy,text|audio|vision,3cc4662c85af842f5e682e4ef26cf9eb3bebd97881a87999db6c236539a3d598,data/attachment1/E题数据/E题数据/附件1-数据集原始多模态样本/MOSEI数据集部分原始视频-100条/-571d8cVauQ/0.mp4,defc62e1530d9b0cd27f2acfe042b71dd84d7e8c85f1df261f04912091976088,827334f782b1f242c84ad944a657bc7f7c63643f71ae9c977811a3eecdd3ab33,5.066667,-571d8cVauQ___0.npz,102642,7c6eb3c3ef46e068ac281b65f306d2a95d49056819b1a9020ba0f1d1f3fc2f64,q1v2-feature-v1.0,2f9a7e731fd744f40638f1f66ba49efd67f3dae0b2a875dfd67389bcda423a36,5bde1d28afb363d0103324efeb5afc8b2b397fe5e04beabb9b1ef355255ade81,64184e229b263107bc2b804c6625db1341ff2bb731874b0bcc2fe6544e0bc9ff,ef451953badced2ed112ba4ffb997f9d2a7e7c444a09e8092665eadd9f24109e,12,495,152,0,5.166666666666667,0,UNCERTAIN_REVIEW,word,word_valid,not_asserted,0,own_forced_alignment,q1v2_own_stable_ts_run,1,1,1,1,-1,1,1,0,0,12,12,12,0,0,12,12,0,0.0,0.6389824354945729,0.0,4.9923125,0.0,5.166666666666667,0.0,4.9923125
-571d8cVauQ$_$5,-571d8cVauQ,5,long_duration_proxy,text|audio|vision,750ec610bc9cc014a16efdc1e076aa87e28e6eec9fa8ef31a42f0e43fc8a6847,data/attachment1/E题数据/E题数据/附件1-数据集原始多模态样本/MOSEI数据集部分原始视频-100条/-571d8cVauQ/5.mp4,e304c03fac1f477823fe0926c4fb421b9c4e4091f85718b729afe856c24a7d3e,827334f782b1f242c84ad944a657bc7f7c63643f71ae9c977811a3eecdd3ab33,15.272982,-571d8cVauQ___5.npz,285705,740fb5ac41b0cd19b41b57cd7073368d1b6c580030e868a3da636b436437dfff,q1v2-feature-v1.0,2f9a7e731fd744f40638f1f66ba49efd67f3dae0b2a875dfd67389bcda423a36,5bde1d28afb363d0103324efeb5afc8b2b397fe5e04beabb9b1ef355255ade81,64184e229b263107bc2b804c6625db1341ff2bb731874b0bcc2fe6544e0bc9ff,ef451953badced2ed112ba4ffb997f9d2a7e7c444a09e8092665eadd9f24109e,43,1507,455,0,15.266666666666666,0,UNCERTAIN_REVIEW,word,word_partial,not_asserted,0,own_forced_alignment,q1v2_own_stable_ts_run,1,1,1,1,-1,1,1,0,0,43,43,42,1,0,43,42,0,0.0,0.6946626751128828,0.0,15.11525,0.0,15.266666666666666,0.0,15.11525
-6rXp3zJ3kc$_$8,-6rXp3zJ3kc,8,ordinary_median_duration_proxy,text|audio|vision,d8191a0e9bf808171a0610c82825567e304d6950a9b1ee4e9c3f57fdd67c5add,data/attachment1/E题数据/E题数据/附件1-数据集原始多模态样本/MOSEI数据集部分原始视频-100条/-6rXp3zJ3kc/8.mp4,59b77a0f873b7fa95e7327b93d64bb5a4bdae84039321988ef70bba8e63ee1ae,827334f782b1f242c84ad944a657bc7f7c63643f71ae9c977811a3eecdd3ab33,12.805013,-6rXp3zJ3kc___8.npz,330982,c33056ec67f11f9b1fbed87f11c48f991bfd718124c84196f6dae921f3691da1,q1v2-feature-v1.0,2f9a7e731fd744f40638f1f66ba49efd67f3dae0b2a875dfd67389bcda423a36,5bde1d28afb363d0103324efeb5afc8b2b397fe5e04beabb9b1ef355255ade81,64184e229b263107bc2b804c6625db1341ff2bb731874b0bcc2fe6544e0bc9ff,ef451953badced2ed112ba4ffb997f9d2a7e7c444a09e8092665eadd9f24109e,34,1269,384,384,12.8,34,UNCERTAIN_REVIEW,word,word_valid,not_asserted,0,own_forced_alignment,q1v2_own_stable_ts_run,1,1,1,1,-1,1,1,1,1,34,34,34,0,0,34,34,34,1.0,0.891819751923379,0.0,12.738,0.0,12.8,0.0,12.738
-9y-fZ3swSY$_$0,-9y-fZ3swSY,0,ordinary_median_duration_proxy,text|audio|vision,d81896a67e5f274d2c16dbf281a45824f967fe604ce10737525c3ccae7723a3e,data/attachment1/E题数据/E题数据/附件1-数据集原始多模态样本/MOSEI数据集部分原始视频-100条/-9y-fZ3swSY/0.mp4,29a1fd181293cdbe24e50edcad51e3cc0f27a5824d840bcc39d453b272fb6e3c,827334f782b1f242c84ad944a657bc7f7c63643f71ae9c977811a3eecdd3ab33,6.833333,-9y-fZ3swSY___0.npz,197733,d4611751e5f663adfc9a6bc69170963e36159f3a65952324014acde53ccd8333,q1v2-feature-v1.0,2f9a7e731fd744f40638f1f66ba49efd67f3dae0b2a875dfd67389bcda423a36,5bde1d28afb363d0103324efeb5afc8b2b397fe5e04beabb9b1ef355255ade81,64184e229b263107bc2b804c6625db1341ff2bb731874b0bcc2fe6544e0bc9ff,ef451953badced2ed112ba4ffb997f9d2a7e7c444a09e8092665eadd9f24109e,22,671,205,205,6.8999999999999995,17,UNCERTAIN_REVIEW,word,word_partial,not_asserted,0,own_forced_alignment,q1v2_own_stable_ts_run,1,1,1,1,-1,1,1,1,1,22,22,17,5,0,22,17,17,1.0,0.6600562379754329,0.0,6.757,0.0,6.8999999999999995,0.0,6.757
-9y-fZ3swSY$_$4,-9y-fZ3swSY,4,short_duration_proxy,text|audio|vision,90e4f5f3d707d702db91e02acb36aef59bcc5989d01839f4e69891616d660847,data/attachment1/E题数据/E题数据/附件1-数据集原始多模态样本/MOSEI数据集部分原始视频-100条/-9y-fZ3swSY/4.mp4,fe04a26710e85c58bdaad5a48618c7e0f742d82b0d920eb4a046c8f14a6921dc,827334f782b1f242c84ad944a657bc7f7c63643f71ae9c977811a3eecdd3ab33,2.821029,-9y-fZ3swSY___4.npz,92810,28c3f6e1a43d2b8467538476286b5e5ef5d8fbef7ffc99517a0df47daea26397,q1v2-feature-v1.0,2f9a7e731fd744f40638f1f66ba49efd67f3dae0b2a875dfd67389bcda423a36,5bde1d28afb363d0103324efeb5afc8b2b397fe5e04beabb9b1ef355255ade81,64184e229b263107bc2b804c6625db1341ff2bb731874b0bcc2fe6544e0bc9ff,ef451953badced2ed112ba4ffb997f9d2a7e7c444a09e8092665eadd9f24109e,9,262,81,79,2.8,9,UNCERTAIN_REVIEW,word,word_valid,not_asserted,0,own_forced_alignment,q1v2_own_stable_ts_run,1,1,1,1,-1,1,1,1,1,9,9,9,0,0,9,9,9,0.9753086419753086,0.65295400708305,0.0,2.6648125,0.0,2.8,0.0,2.6648125
-9y-fZ3swSY$_$8,-9y-fZ3swSY,8,ordinary_median_duration_proxy,text|audio|vision,cc4943d1a2d9da1cfa76b529da139ea3ac05a0ff0f9935f381fb9c14c18f72a0,data/attachment1/E题数据/E题数据/附件1-数据集原始多模态样本/MOSEI数据集部分原始视频-100条/-9y-fZ3swSY/8.mp4,6140d031e614b62a5d8df73346fef2417c28cee3501310aa95aa40d358b4b256,827334f782b1f242c84ad944a657bc7f7c63643f71ae9c977811a3eecdd3ab33,4.988997,-9y-fZ3swSY___8.npz,129495,dbff76fc812b48ee865fb10d1f712b178876f0d39012d11299c79cccccd90a16,q1v2-feature-v1.0,2f9a7e731fd744f40638f1f66ba49efd67f3dae0b2a875dfd67389bcda423a36,5bde1d28afb363d0103324efeb5afc8b2b397fe5e04beabb9b1ef355255ade81,64184e229b263107bc2b804c6625db1341ff2bb731874b0bcc2fe6544e0bc9ff,ef451953badced2ed112ba4ffb997f9d2a7e7c444a09e8092665eadd9f24109e,12,487,149,117,4.966666666666667,9,UNCERTAIN_REVIEW,word,word_valid,not_asserted,0,own_forced_alignment,q1v2_own_stable_ts_run,1,1,1,1,-1,1,1,1,1,12,12,12,0,0,12,12,9,0.785234899328859,0.726052471018914,0.0,4.917,0.0,4.966666666666667,0.0,4.917
-AUZQgSxyPQ$_$2,-AUZQgSxyPQ,2,long_duration_proxy,text|audio|vision,53a9c4d7b99b24b4a7472cea8414ccb888be5eabdef6e10c83361628bd8323db,data/attachment1/E题数据/E题数据/附件1-数据集原始多模态样本/MOSEI数据集部分原始视频-100条/-AUZQgSxyPQ/2.mp4,e09034b30bb4f8fb9f9c2568afc20f2a764e327fe6ef4e13f21804eaac51bb7b,827334f782b1f242c84ad944a657bc7f7c63643f71ae9c977811a3eecdd3ab33,22.511003,-AUZQgSxyPQ___2.npz,473476,6ca32ca3d52a0972215a9cca71abce27491c85ce1593106261ef4e7ad2eed2e6,q1v2-feature-v1.0,2f9a7e731fd744f40638f1f66ba49efd67f3dae0b2a875dfd67389bcda423a36,5bde1d28afb363d0103324efeb5afc8b2b397fe5e04beabb9b1ef355255ade81,64184e229b263107bc2b804c6625db1341ff2bb731874b0bcc2fe6544e0bc9ff,ef451953badced2ed112ba4ffb997f9d2a7e7c444a09e8092665eadd9f24109e,41,2236,674,674,22.5,41,UNCERTAIN_REVIEW,word,word_valid,not_asserted,0,own_forced_alignment,q1v2_own_stable_ts_run,1,1,1,1,-1,1,1,1,1,41,41,41,0,0,41,41,41,1.0,0.7427058662716577,0.0,22.4045625,0.0,22.5,0.0,22.4045625
-HeZS2-Prhc$_$2,-HeZS2-Prhc,2,ordinary_median_duration_proxy,text|audio|vision,15effa3af619e2681091bfb260ded02117f167a5c4be5e77fff33a4e08a8caf1,data/attachment1/E题数据/E题数据/附件1-数据集原始多模态样本/MOSEI数据集部分原始视频-100条/-HeZS2-Prhc/2.mp4,edb0fa22fdfbd990c8174764af78670bd2ecad799240d35d96a1124a3cd9dc0c,827334f782b1f242c84ad944a657bc7f7c63643f71ae9c977811a3eecdd3ab33,8.261979,-HeZS2-Prhc___2.npz,143225,77258480cfec72cd90b9b9f5781becd73d3466f2e6c40e67eb1034ceed4a60f6,q1v2-feature-v1.0,2f9a7e731fd744f40638f1f66ba49efd67f3dae0b2a875dfd67389bcda423a36,5bde1d28afb363d0103324efeb5afc8b2b397fe5e04beabb9b1ef355255ade81,64184e229b263107bc2b804c6625db1341ff2bb731874b0bcc2fe6544e0bc9ff,ef451953badced2ed112ba4ffb997f9d2a7e7c444a09e8092665eadd9f24109e,16,811,246,0,8.233333333333333,0,UNCERTAIN_REVIEW,word,word_valid,not_asserted,0,own_forced_alignment,q1v2_own_stable_ts_run,1,1,1,1,-1,1,1,0,0,16,16,16,0,0,16,16,0,0.0,0.7312098394344168,0.0,8.150875,0.0,8.233333333333333,0.0,8.150875
-HwX2H8Z4hY$_$2,-HwX2H8Z4hY,2,ordinary_median_duration_proxy,text|audio|vision,aa56e2f7a4375e13c2521a154e4e8fe0f57919648d0ea30ce484d2ec50919afe,data/attachment1/E题数据/E题数据/附件1-数据集原始多模态样本/MOSEI数据集部分原始视频-100条/-HwX2H8Z4hY/2.mp4,920a1052c09ebd1eedba6dd1ccfecd80f56f6f0fdcdd1f6dd32b0d90bcb89358,827334f782b1f242c84ad944a657bc7f7c63643f71ae9c977811a3eecdd3ab33,3.982031,-HwX2H8Z4hY___2.npz,83059,4d37d480cf0f6d197953a3b894144137c2a61a44c4540240f89a0b145999b5a3,q1v2-feature-v1.0,2f9a7e731fd744f40638f1f66ba49efd67f3dae0b2a875dfd67389bcda423a36,5bde1d28afb363d0103324efeb5afc8b2b397fe5e04beabb9b1ef355255ade81,64184e229b263107bc2b804c6625db1341ff2bb731874b0bcc2fe6544e0bc9ff,ef451953badced2ed112ba4ffb997f9d2a7e7c444a09e8092665eadd9f24109e,7,387,119,25,3.9666666666666663,1,UNCERTAIN_REVIEW,word,word_valid,not_asserted,0,own_forced_alignment,q1v2_own_stable_ts_run,1,1,1,1,-1,1,1,1,1,7,8,7,0,0,7,7,1,0.21008403361344538,0.17876238967008765,0.0,3.9158125,0.0,3.9666666666666663,0.0,3.9158125
-HwX2H8Z4hY$_$5,-HwX2H8Z4hY,5,ordinary_median_duration_proxy,text|audio|vision,83091121026f171a499d0396e42fa053b001e4a7958afad789966ad5dae8b5f4,data/attachment1/E题数据/E题数据/附件1-数据集原始多模态样本/MOSEI数据集部分原始视频-100条/-HwX2H8Z4hY/5.mp4,8d61b7f5840a8bd403d9bc6c3cd49029ffc4e304cf9c7834735c1a6bb5fd369d,827334f782b1f242c84ad944a657bc7f7c63643f71ae9c977811a3eecdd3ab33,5.652995,-HwX2H8Z4hY___5.npz,109085,01976101085efe46c64d4aec7ffb3a3d364a4aa9be2bb959290ae15ddb3de08c,q1v2-feature-v1.0,2f9a7e731fd744f40638f1f66ba49efd67f3dae0b2a875dfd67389bcda423a36,5bde1d28afb363d0103324efeb5afc8b2b397fe5e04beabb9b1ef355255ade81,64184e229b263107bc2b804c6625db1341ff2bb731874b0bcc2fe6544e0bc9ff,ef451953badced2ed112ba4ffb997f9d2a7e7c444a09e8092665eadd9f24109e,9,550,168,40,5.633333333333333,2,UNCERTAIN_REVIEW,word,word_valid,not_asserted,0,own_forced_alignment,q1v2_own_stable_ts_run,1,1,1,1,-1,1,1,1,1,9,9,9,0,0,9,9,2,0.23809523809523808,0.8441463277154613,0.0,5.5440625,0.0,5.633333333333333,0.0,5.5440625
-HwX2H8Z4hY$_$6,-HwX2H8Z4hY,6,short_duration_proxy,text|audio|vision,618c798532ff33e67232ba004904c108503dd42149fdb373f27d3b768ae275b3,data/attachment1/E题数据/E题数据/附件1-数据集原始多模态样本/MOSEI数据集部分原始视频-100条/-HwX2H8Z4hY/6.mp4,696576dcbd0dc42cb678fa40d8a0f0f419a3072bfa7662d653756ab29bba4c46,827334f782b1f242c84ad944a657bc7f7c63643f71ae9c977811a3eecdd3ab33,3.358008,-HwX2H8Z4hY___6.npz,84698,4536c3edb3a0af81ecbd86a6c17477abfd3370468aecd1cdbabf38b330f6c462,q1v2-feature-v1.0,2f9a7e731fd744f40638f1f66ba49efd67f3dae0b2a875dfd67389bcda423a36,5bde1d28afb363d0103324efeb5afc8b2b397fe5e04beabb9b1ef355255ade81,64184e229b263107bc2b804c6625db1341ff2bb731874b0bcc2fe6544e0bc9ff,ef451953badced2ed112ba4ffb997f9d2a7e7c444a09e8092665eadd9f24109e,7,321,99,43,3.333333333333333,5,UNCERTAIN_REVIEW,word,word_valid,not_asserted,0,own_forced_alignment,q1v2_own_stable_ts_run,1,1,1,1,-1,1,1,1,1,7,7,7,0,0,7,7,5,0.43434343434343436,0.6633906633906634,0.0,3.256,0.0,3.333333333333333,0.0,3.256
-HwX2H8Z4hY$_$9,-HwX2H8Z4hY,9,ordinary_median_duration_proxy,text|audio|vision,3b10844995a12418048ea027d2511506787eb76a854b8fc0a40394c812dc47a6,data/attachment1/E题数据/E题数据/附件1-数据集原始多模态样本/MOSEI数据集部分原始视频-100条/-HwX2H8Z4hY/9.mp4,90c18e627f27a12c14e21ba24c79edf3008762b4ac26874b490ad3f888381702,827334f782b1f242c84ad944a657bc7f7c63643f71ae9c977811a3eecdd3ab33,7.733984,-HwX2H8Z4hY___9.npz,159372,0cd463f0c05426b66a857efd78371f657e9454f801ed82b98d7cfa3262dceeef,q1v2-feature-v1.0,2f9a7e731fd744f40638f1f66ba49efd67f3dae0b2a875dfd67389bcda423a36,5bde1d28afb363d0103324efeb5afc8b2b397fe5e04beabb9b1ef355255ade81,64184e229b263107bc2b804c6625db1341ff2bb731874b0bcc2fe6544e0bc9ff,ef451953badced2ed112ba4ffb997f9d2a7e7c444a09e8092665eadd9f24109e,22,759,232,0,7.733333333333333,0,UNCERTAIN_REVIEW,word,word_partial,not_asserted,0,own_forced_alignment,q1v2_own_stable_ts_run,1,1,1,1,-1,1,1,0,0,22,22,21,1,0,22,21,0,0.0,0.9127442073644838,0.0,7.6363125,0.0,7.733333333333333,0.0,7.6363125
-I_e4mIh0yE$_$1,-I_e4mIh0yE,1,ordinary_median_duration_proxy,text|audio|vision,d23b34daf050ce5e431d5074a5f31feb5e6d12db47361c02652779d42f437013,data/attachment1/E题数据/E题数据/附件1-数据集原始多模态样本/MOSEI数据集部分原始视频-100条/-I_e4mIh0yE/1.mp4,8453a966d4bd1f0179eb86a35cd34c0864a3a3bc2fa86f37783060cc0d14f5df,827334f782b1f242c84ad944a657bc7f7c63643f71ae9c977811a3eecdd3ab33,7.622005,-I_e4mIh0yE___1.npz,192954,c1acb6095847d27fa61f7de5001b1ce9587a70faafb0fd684d7ff59f0eda2803,q1v2-feature-v1.0,2f9a7e731fd744f40638f1f66ba49efd67f3dae0b2a875dfd67389bcda423a36,5bde1d28afb363d0103324efeb5afc8b2b397fe5e04beabb9b1ef355255ade81,64184e229b263107bc2b804c6625db1341ff2bb731874b0bcc2fe6544e0bc9ff,ef451953badced2ed112ba4ffb997f9d2a7e7c444a09e8092665eadd9f24109e,18,740,225,225,7.6,18,UNCERTAIN_REVIEW,word,word_valid,not_asserted,0,own_forced_alignment,q1v2_own_stable_ts_run,1,1,1,1,-1,1,1,1,1,18,18,18,0,0,18,18,18,1.0,0.7038930727316995,0.0,7.4443125,0.0,7.6,0.0,7.4443125
-I_e4mIh0yE$_$3,-I_e4mIh0yE,3,ordinary_median_duration_proxy,text|audio|vision,02d03bfe301b4e2341b12749ee8d9b03af22d4bb0b7cf06af7180495238a2005,data/attachment1/E题数据/E题数据/附件1-数据集原始多模态样本/MOSEI数据集部分原始视频-100条/-I_e4mIh0yE/3.mp4,a015f02ae51d74c42ad27e2a0831263a303f0658ac8d984819e27ad61342b23e,827334f782b1f242c84ad944a657bc7f7c63643f71ae9c977811a3eecdd3ab33,9.163021,-I_e4mIh0yE___3.npz,227191,dbf41cb76593b4af5bea75664ac2cc2612113e2fcc5f393b44db4b0c802ed0c7,q1v2-feature-v1.0,2f9a7e731fd744f40638f1f66ba49efd67f3dae0b2a875dfd67389bcda423a36,5bde1d28afb363d0103324efeb5afc8b2b397fe5e04beabb9b1ef355255ade81,64184e229b263107bc2b804c6625db1341ff2bb731874b0bcc2fe6544e0bc9ff,ef451953badced2ed112ba4ffb997f9d2a7e7c444a09e8092665eadd9f24109e,22,895,271,271,9.133333333333333,21,UNCERTAIN_REVIEW,word,word_partial,not_asserted,0,own_forced_alignment,q1v2_own_stable_ts_run,1,1,1,1,-1,1,1,1,1,22,22,21,1,0,22,21,21,1.0,0.7971648947258703,0.0,8.994375,0.0,9.133333333333333,0.0,8.994375
-MeTTeMJBNc$_$0,-MeTTeMJBNc,0,ordinary_median_duration_proxy,text|audio|vision,d45a4c90c53d56e4ab5a94feb0eb2f9ff65b538e0dbae7d2f825e9712e1fbf6c,data/attachment1/E题数据/E题数据/附件1-数据集原始多模态样本/MOSEI数据集部分原始视频-100条/-MeTTeMJBNc/0.mp4,54e2097f7bdb455d243e72254e5af7ed16160739f2f3cfd22f57d2729ec1acbe,827334f782b1f242c84ad944a657bc7f7c63643f71ae9c977811a3eecdd3ab33,9.3,-MeTTeMJBNc___0.npz,166740,4161704b5d42e3c1fc336dba39e3c4fe3d590327d0fe464bcfcc8cd95ecbc308,q1v2-feature-v1.0,2f9a7e731fd744f40638f1f66ba49efd67f3dae0b2a875dfd67389bcda423a36,5bde1d28afb363d0103324efeb5afc8b2b397fe5e04beabb9b1ef355255ade81,64184e229b263107bc2b804c6625db1341ff2bb731874b0bcc2fe6544e0bc9ff,ef451953badced2ed112ba4ffb997f9d2a7e7c444a09e8092665eadd9f24109e,21,917,279,0,9.333333333333334,0,UNCERTAIN_REVIEW,word,word_partial,not_asserted,0,own_forced_alignment,q1v2_own_stable_ts_run,1,1,1,1,-1,1,1,0,0,21,21,20,1,0,21,20,0,0.0,0.7365773290935841,0.0,9.2183125,0.0,9.333333333333334,0.0,9.2183125
-MeTTeMJBNc$_$13,-MeTTeMJBNc,13,ordinary_median_duration_proxy,text|audio|vision,c402887ff4c5a0fb3774b386105e85b03916cc55ea3f03e731045058c5eeae26,data/attachment1/E题数据/E题数据/附件1-数据集原始多模态样本/MOSEI数据集部分原始视频-100条/-MeTTeMJBNc/13.mp4,80c5d996e5d7b61c58e1fe32d706efcaf80c8c8cddb5c37a5c66d527786c2a44,827334f782b1f242c84ad944a657bc7f7c63643f71ae9c977811a3eecdd3ab33,5.430013,-MeTTeMJBNc___13.npz,109534,3a562757a881021dc7bb206b920b3d02adf5584d38a3010ed5595c3f08d935d8,q1v2-feature-v1.0,2f9a7e731fd744f40638f1f66ba49efd67f3dae0b2a875dfd67389bcda423a36,5bde1d28afb363d0103324efeb5afc8b2b397fe5e04beabb9b1ef355255ade81,64184e229b263107bc2b804c6625db1341ff2bb731874b0bcc2fe6544e0bc9ff,ef451953badced2ed112ba4ffb997f9d2a7e7c444a09e8092665eadd9f24109e,14,521,159,0,5.3999999999999995,0,UNCERTAIN_REVIEW,word,word_partial,not_asserted,0,own_forced_alignment,q1v2_own_stable_ts_run,1,1,1,1,-1,1,1,0,0,14,14,12,2,0,14,12,0,0.0,0.6507468366473218,0.0,5.2555,0.0,5.3999999999999995,0.0,5.2555
-MeTTeMJBNc$_$7,-MeTTeMJBNc,7,ordinary_median_duration_proxy,text|audio|vision,92d6e9fd047cc71b66015cff4b3c738c9b0231d578f9f801e309692ff9e76ea9,data/attachment1/E题数据/E题数据/附件1-数据集原始多模态样本/MOSEI数据集部分原始视频-100条/-MeTTeMJBNc/7.mp4,40716dc7402fd6398038eded58ce939ec76be6afbeea346b968bf4c427088f3a,827334f782b1f242c84ad944a657bc7f7c63643f71ae9c977811a3eecdd3ab33,10.516992,-MeTTeMJBNc___7.npz,210963,bf7c90caa4868140ed8933669275498f94833c5a7ca6cbea5937460ed4a7bf87,q1v2-feature-v1.0,2f9a7e731fd744f40638f1f66ba49efd67f3dae0b2a875dfd67389bcda423a36,5bde1d28afb363d0103324efeb5afc8b2b397fe5e04beabb9b1ef355255ade81,64184e229b263107bc2b804c6625db1341ff2bb731874b0bcc2fe6544e0bc9ff,ef451953badced2ed112ba4ffb997f9d2a7e7c444a09e8092665eadd9f24109e,31,1037,314,0,10.5,0,UNCERTAIN_REVIEW,word,word_valid,not_asserted,0,own_forced_alignment,q1v2_own_stable_ts_run,1,1,1,1,-1,1,1,0,0,31,31,31,0,0,31,31,0,0.0,0.851957906363871,0.0,10.4113125,0.0,10.5,0.0,10.4113125
-NFrJFQijFE$_$1,-NFrJFQijFE,1,ordinary_median_duration_proxy,text|audio|vision,75e12c6de3cb640beb5aac76a35cf09208da4865e50a409f075998199f2b904b,data/attachment1/E题数据/E题数据/附件1-数据集原始多模态样本/MOSEI数据集部分原始视频-100条/-NFrJFQijFE/1.mp4,d8fcf16c6eb51c56947ec3d0549c6f3bc7a0cf1fc5f5d89e8b38d4249a08db4f,827334f782b1f242c84ad944a657bc7f7c63643f71ae9c977811a3eecdd3ab33,5.746,-NFrJFQijFE___1.npz,111933,4d89c3169c3575d6590407a82082d19da3c5e386c8801fdff150de7dfad63fc1,q1v2-feature-v1.0,2f9a7e731fd744f40638f1f66ba49efd67f3dae0b2a875dfd67389bcda423a36,5bde1d28afb363d0103324efeb5afc8b2b397fe5e04beabb9b1ef355255ade81,64184e229b263107bc2b804c6625db1341ff2bb731874b0bcc2fe6544e0bc9ff,ef451953badced2ed112ba4ffb997f9d2a7e7c444a09e8092665eadd9f24109e,16,561,142,0,5.72,0,UNCERTAIN_REVIEW,word,word_partial,not_asserted,0,own_forced_alignment,q1v2_own_stable_ts_run,1,1,1,1,-1,1,1,0,0,16,16,5,11,0,16,5,0,0.0,0.8340880475359501,0.0,5.658875,0.0,5.72,0.0,5.658875
-NFrJFQijFE$_$2,-NFrJFQijFE,2,ordinary_median_duration_proxy,text|audio|vision,e3fa55c11a999a6030adcdfc65b49fa787b504a4b2e3b643e9819463b6436fb9,data/attachment1/E题数据/E题数据/附件1-数据集原始多模态样本/MOSEI数据集部分原始视频-100条/-NFrJFQijFE/2.mp4,a54a5c144a64f5abd26b19aafa6cea8142ee08e9385fa508fa70c934f6b616c1,827334f782b1f242c84ad944a657bc7f7c63643f71ae9c977811a3eecdd3ab33,6.856,-NFrJFQijFE___2.npz,126334,2531a23209a959509b37a7259fe785e38c29bacffeb0dd3a8c0b6abdcd05499b,q1v2-feature-v1.0,2f9a7e731fd744f40638f1f66ba49efd67f3dae0b2a875dfd67389bcda423a36,5bde1d28afb363d0103324efeb5afc8b2b397fe5e04beabb9b1ef355255ade81,64184e229b263107bc2b804c6625db1341ff2bb731874b0bcc2fe6544e0bc9ff,ef451953badced2ed112ba4ffb997f9d2a7e7c444a09e8092665eadd9f24109e,18,665,169,0,6.84,0,UNCERTAIN_REVIEW,word,word_partial,not_asserted,0,own_forced_alignment,q1v2_own_stable_ts_run,1,1,1,1,-1,1,1,0,0,18,18,5,13,0,18,5,0,0.0,0.7195842236384165,0.0,6.6983125,0.0,6.84,0.0,6.6983125
-RfYyzHpjk4$_$11,-RfYyzHpjk4,11,ordinary_median_duration_proxy,text|audio|vision,a270bb05e4028b233a7b24185137fa42eafda19ff26fba42416ce4c9a43aed2f,data/attachment1/E题数据/E题数据/附件1-数据集原始多模态样本/MOSEI数据集部分原始视频-100条/-RfYyzHpjk4/11.mp4,96e481cd732001239639c8cb4e7f94e570925e5a15940920ffab0cec1f13f904,827334f782b1f242c84ad944a657bc7f7c63643f71ae9c977811a3eecdd3ab33,5.238997,-RfYyzHpjk4___11.npz,158585,248244fe156831957b29868fa5ee62cf910c973a50137d00c88d9542889b14db,q1v2-feature-v1.0,2f9a7e731fd744f40638f1f66ba49efd67f3dae0b2a875dfd67389bcda423a36,5bde1d28afb363d0103324efeb5afc8b2b397fe5e04beabb9b1ef355255ade81,64184e229b263107bc2b804c6625db1341ff2bb731874b0bcc2fe6544e0bc9ff,ef451953badced2ed112ba4ffb997f9d2a7e7c444a09e8092665eadd9f24109e,17,503,154,154,5.233333333333333,17,UNCERTAIN_REVIEW,word,word_valid,not_asserted,0,own_forced_alignment,q1v2_own_stable_ts_run,1,1,1,1,-1,1,1,1,1,17,17,17,0,0,17,17,17,1.0,0.7546983915859996,0.0,5.074875,0.0,5.233333333333333,0.0,5.074875
-RfYyzHpjk4$_$2,-RfYyzHpjk4,2,ordinary_median_duration_proxy,text|audio|vision,cfcd8b471a2463bbf3a57796635230abb520d2fdf4c7ca9237e6e992af68a2bf,data/attachment1/E题数据/E题数据/附件1-数据集原始多模态样本/MOSEI数据集部分原始视频-100条/-RfYyzHpjk4/2.mp4,5e428ee22de58c9d6561b9b4353bef9dfb811a5841d9ab07b5bc453d697ad17f,827334f782b1f242c84ad944a657bc7f7c63643f71ae9c977811a3eecdd3ab33,5.516016,-RfYyzHpjk4___2.npz,190610,c206b47f09980c639ba69099a32ea143532693389046e6ca4c41b63489d737dc,q1v2-feature-v1.0,2f9a7e731fd744f40638f1f66ba49efd67f3dae0b2a875dfd67389bcda423a36,5bde1d28afb363d0103324efeb5afc8b2b397fe5e04beabb9b1ef355255ade81,64184e229b263107bc2b804c6625db1341ff2bb731874b0bcc2fe6544e0bc9ff,ef451953badced2ed112ba4ffb997f9d2a7e7c444a09e8092665eadd9f24109e,25,535,164,162,5.5,24,UNCERTAIN_REVIEW,word,word_partial,not_asserted,0,own_forced_alignment,q1v2_own_stable_ts_run,1,1,1,1,-1,1,1,1,1,25,25,24,1,0,25,24,24,0.9878048780487805,0.7752495102528137,0.0,5.3918125,0.0,5.5,0.0,5.3918125
-RfYyzHpjk4$_$8,-RfYyzHpjk4,8,ordinary_median_duration_proxy,text|audio|vision,d3555b14bb47b174fbff361f276899a48984d7c17f63c0199df6ce993808d135,data/attachment1/E题数据/E题数据/附件1-数据集原始多模态样本/MOSEI数据集部分原始视频-100条/-RfYyzHpjk4/8.mp4,ed8c672c532b8c7d1c830c82d6e2c14fcb3bbd3dc1a86670a03a6c8e83c02f3c,827334f782b1f242c84ad944a657bc7f7c63643f71ae9c977811a3eecdd3ab33,4.588997,-RfYyzHpjk4___8.npz,149560,a5777800ca35cde94ce57422863d4374194395daabddeb867044a455a834ea51,q1v2-feature-v1.0,2f9a7e731fd744f40638f1f66ba49efd67f3dae0b2a875dfd67389bcda423a36,5bde1d28afb363d0103324efeb5afc8b2b397fe5e04beabb9b1ef355255ade81,64184e229b263107bc2b804c6625db1341ff2bb731874b0bcc2fe6544e0bc9ff,ef451953badced2ed112ba4ffb997f9d2a7e7c444a09e8092665eadd9f24109e,17,449,137,137,4.566666666666666,16,UNCERTAIN_REVIEW,word,word_partial,not_asserted,0,own_forced_alignment,q1v2_own_stable_ts_run,1,1,1,1,-1,1,1,1,1,17,17,16,1,0,17,16,16,1.0,0.743539535011997,0.0,4.532375,0.0,4.566666666666666,0.0,4.532375
-THoVjtIkeU$_$12,-THoVjtIkeU,12,long_duration_proxy,text|audio|vision,f66e02fa0f0d11a8a87d7ae6eb144d2983f235e0767c6e8e717ad6081831c0d9,data/attachment1/E题数据/E题数据/附件1-数据集原始多模态样本/MOSEI数据集部分原始视频-100条/-THoVjtIkeU/12.mp4,e2f148f4f2e74724dc13b3ce870a0ce6a06740cfc224f5a9b3d0a870b196e7d4,827334f782b1f242c84ad944a657bc7f7c63643f71ae9c977811a3eecdd3ab33,14.896029,-THoVjtIkeU___12.npz,369851,028f5c2c6fe971bd102fba4e63184ca16f36dd1ac516a41247d8e9c392e0708c,q1v2-feature-v1.0,2f9a7e731fd744f40638f1f66ba49efd67f3dae0b2a875dfd67389bcda423a36,5bde1d28afb363d0103324efeb5afc8b2b397fe5e04beabb9b1ef355255ade81,64184e229b263107bc2b804c6625db1341ff2bb731874b0bcc2fe6544e0bc9ff,ef451953badced2ed112ba4ffb997f9d2a7e7c444a09e8092665eadd9f24109e,39,1476,445,445,14.866666666666667,37,UNCERTAIN_REVIEW,word,word_partial,not_asserted,0,own_forced_alignment,q1v2_own_stable_ts_run,1,1,1,1,-1,1,1,1,1,39,39,37,2,0,39,37,37,1.0,0.7193242404670542,0.0,14.8055625,0.0,14.866666666666667,0.0,14.8055625
-THoVjtIkeU$_$2,-THoVjtIkeU,2,ordinary_median_duration_proxy,text|audio|vision,1094289c482666b9c7624027542558ecac07bc45a9c2977d3bb964c8431b64d7,data/attachment1/E题数据/E题数据/附件1-数据集原始多模态样本/MOSEI数据集部分原始视频-100条/-THoVjtIkeU/2.mp4,35a6c2464ffd68dd96411edb5dc2763f0efb59f264c1d8b737e616fa6b0d1d5b,827334f782b1f242c84ad944a657bc7f7c63643f71ae9c977811a3eecdd3ab33,4.291992,-THoVjtIkeU___2.npz,119588,1e376393d1db4fb01b9ae47828e913c438965b5bce318629956e6e87f1b38ab1,q1v2-feature-v1.0,2f9a7e731fd744f40638f1f66ba49efd67f3dae0b2a875dfd67389bcda423a36,5bde1d28afb363d0103324efeb5afc8b2b397fe5e04beabb9b1ef355255ade81,64184e229b263107bc2b804c6625db1341ff2bb731874b0bcc2fe6544e0bc9ff,ef451953badced2ed112ba4ffb997f9d2a7e7c444a09e8092665eadd9f24109e,10,419,128,128,4.266666666666667,10,UNCERTAIN_REVIEW,word,word_valid,not_asserted,0,own_forced_alignment,q1v2_own_stable_ts_run,1,1,1,1,-1,1,1,1,1,10,10,10,0,0,10,10,10,1.0,0.8839779005524862,0.0,4.230875,0.0,4.266666666666667,0.0,4.230875
-THoVjtIkeU$_$6,-THoVjtIkeU,6,ordinary_median_duration_proxy,text|audio|vision,ff0a44df1b28408b6c2cc3ac9c9ca75ba39a594ed59ec2244b25efa93ca7290f,data/attachment1/E题数据/E题数据/附件1-数据集原始多模态样本/MOSEI数据集部分原始视频-100条/-THoVjtIkeU/6.mp4,efaa55ee6394032c867046690a92c29edfd825005f0a090cca5ccb763b227f64,827334f782b1f242c84ad944a657bc7f7c63643f71ae9c977811a3eecdd3ab33,8.097005,-THoVjtIkeU___6.npz,243357,fa9bb31b4c44025edc922ce86602eccfec00b70ee66e7c2904f213429fd721b2,q1v2-feature-v1.0,2f9a7e731fd744f40638f1f66ba49efd67f3dae0b2a875dfd67389bcda423a36,5bde1d28afb363d0103324efeb5afc8b2b397fe5e04beabb9b1ef355255ade81,64184e229b263107bc2b804c6625db1341ff2bb731874b0bcc2fe6544e0bc9ff,ef451953badced2ed112ba4ffb997f9d2a7e7c444a09e8092665eadd9f24109e,30,794,241,240,8.066666666666666,29,UNCERTAIN_REVIEW,word,word_partial,not_asserted,0,own_forced_alignment,q1v2_own_stable_ts_run,1,1,1,1,-1,1,1,1,1,30,30,29,1,0,30,29,29,0.995850622406639,0.8029688552056746,0.0,7.982875,0.0,8.066666666666666,0.0,7.982875
-UUCSKoHeMA$_$0,-UUCSKoHeMA,0,ordinary_median_duration_proxy,text|audio|vision,06066cdd3a69188d9b551d1dd8ab73440d1fb35427cc9d6269c9167249435175,data/attachment1/E题数据/E题数据/附件1-数据集原始多模态样本/MOSEI数据集部分原始视频-100条/-UUCSKoHeMA/0.mp4,3f9792888ec8e969f61cfb6cb4de7bdf7ef8944afe0a9d2a9d13586e1f13b898,827334f782b1f242c84ad944a657bc7f7c63643f71ae9c977811a3eecdd3ab33,7.8,-UUCSKoHeMA___0.npz,145303,2ccd4df91038ba3b06967d42d40cd1d3502d431c1df81b1c2afa2908c16d19a4,q1v2-feature-v1.0,2f9a7e731fd744f40638f1f66ba49efd67f3dae0b2a875dfd67389bcda423a36,5bde1d28afb363d0103324efeb5afc8b2b397fe5e04beabb9b1ef355255ade81,64184e229b263107bc2b804c6625db1341ff2bb731874b0bcc2fe6544e0bc9ff,ef451953badced2ed112ba4ffb997f9d2a7e7c444a09e8092665eadd9f24109e,18,769,234,0,7.866666666666666,0,UNCERTAIN_REVIEW,word,word_valid,not_asserted,0,own_forced_alignment,q1v2_own_stable_ts_run,1,1,1,1,-1,1,1,0,0,18,18,18,0,0,18,18,0,0.0,0.6699214329593587,0.0,7.73225,0.0,7.866666666666666,0.0,7.73225
-UacrmKiTn4$_$10,-UacrmKiTn4,10,ordinary_median_duration_proxy,text|audio|vision,e98b82a28182435ec3271a7d4f2d1732c3f387153858f3d3fb72566293411a96,data/attachment1/E题数据/E题数据/附件1-数据集原始多模态样本/MOSEI数据集部分原始视频-100条/-UacrmKiTn4/10.mp4,00312e0602dbeac970de5d7dd0e8a970e514fe45d7fe6625b4f454b299e36360,827334f782b1f242c84ad944a657bc7f7c63643f71ae9c977811a3eecdd3ab33,7.361979,-UacrmKiTn4___10.npz,143664,2facf9e98fb4a6dba3f98f69827eb038b03e877ce25f9d8dbf51de9154acd7f2,q1v2-feature-v1.0,2f9a7e731fd744f40638f1f66ba49efd67f3dae0b2a875dfd67389bcda423a36,5bde1d28afb363d0103324efeb5afc8b2b397fe5e04beabb9b1ef355255ade81,64184e229b263107bc2b804c6625db1341ff2bb731874b0bcc2fe6544e0bc9ff,ef451953badced2ed112ba4ffb997f9d2a7e7c444a09e8092665eadd9f24109e,18,720,218,0,7.333333333333333,0,UNCERTAIN_REVIEW,word,word_partial,not_asserted,0,own_forced_alignment,q1v2_own_stable_ts_run,1,1,1,1,-1,1,1,0,0,18,18,17,1,0,18,17,0,0.0,0.7622138030429865,0.0,7.2420625,0.0,7.333333333333333,0.0,7.2420625
-UacrmKiTn4$_$4,-UacrmKiTn4,4,ordinary_median_duration_proxy,text|audio|vision,32cee8f979caa3ad38c4e527ae93bb899043bcc4e353f76f7d7a2588ba9a25fb,data/attachment1/E题数据/E题数据/附件1-数据集原始多模态样本/MOSEI数据集部分原始视频-100条/-UacrmKiTn4/4.mp4,a7f2ab0d6ee2e2a2d5cd4239f03e6cac67c618ddb744891323df3ff87e29af84,827334f782b1f242c84ad944a657bc7f7c63643f71ae9c977811a3eecdd3ab33,4.741016,-UacrmKiTn4___4.npz,107735,a82172641f7d7e2beed135a04c318730c7896feb03b25b570ca62a8acad620b2,q1v2-feature-v1.0,2f9a7e731fd744f40638f1f66ba49efd67f3dae0b2a875dfd67389bcda423a36,5bde1d28afb363d0103324efeb5afc8b2b397fe5e04beabb9b1ef355255ade81,64184e229b263107bc2b804c6625db1341ff2bb731874b0bcc2fe6544e0bc9ff,ef451953badced2ed112ba4ffb997f9d2a7e7c444a09e8092665eadd9f24109e,14,464,142,0,4.733333333333333,0,UNCERTAIN_REVIEW,word,word_valid,not_asserted,0,own_forced_alignment,q1v2_own_stable_ts_run,1,1,1,1,-1,1,1,0,0,14,14,14,0,0,14,14,0,0.0,0.6834777269025911,0.0,4.6819375,0.0,4.733333333333333,0.0,4.6819375
-UuX1xuaiiE$_$0,-UuX1xuaiiE,0,ordinary_median_duration_proxy,text|audio|vision,8e5864e1c240de55cb429cbd6230768d64e623a24c60872473907ba801977530,data/attachment1/E题数据/E题数据/附件1-数据集原始多模态样本/MOSEI数据集部分原始视频-100条/-UuX1xuaiiE/0.mp4,f578b305d53bc152702f5e771de0fcd12d1e9aaefc5cefce3d2082a417aab7c8,827334f782b1f242c84ad944a657bc7f7c63643f71ae9c977811a3eecdd3ab33,3.633333,-UuX1xuaiiE___0.npz,95286,f713121fe5608eda49b077d299370b698ab8e2618210bf860e16cf29b39cac46,q1v2-feature-v1.0,2f9a7e731fd744f40638f1f66ba49efd67f3dae0b2a875dfd67389bcda423a36,5bde1d28afb363d0103324efeb5afc8b2b397fe5e04beabb9b1ef355255ade81,64184e229b263107bc2b804c6625db1341ff2bb731874b0bcc2fe6544e0bc9ff,ef451953badced2ed112ba4ffb997f9d2a7e7c444a09e8092665eadd9f24109e,9,353,109,54,3.6999999999999997,6,UNCERTAIN_REVIEW,word,word_valid,not_asserted,0,own_forced_alignment,q1v2_own_stable_ts_run,1,1,1,1,-1,1,1,1,1,9,9,9,0,0,9,9,6,0.4954128440366973,0.8109903170552661,0.0,3.575875,0.0,3.6999999999999997,0.0,3.575875
-UuX1xuaiiE$_$1,-UuX1xuaiiE,1,ordinary_median_duration_proxy,text|audio|vision,36409a672db653d61653e4d4502ae82ccf959f80d172199022b6fa0ee66a6477,data/attachment1/E题数据/E题数据/附件1-数据集原始多模态样本/MOSEI数据集部分原始视频-100条/-UuX1xuaiiE/1.mp4,d5bbda38fcec15817d2b87bab5dcc559d6d425f7d28a82e6c32d13f14b48650c,827334f782b1f242c84ad944a657bc7f7c63643f71ae9c977811a3eecdd3ab33,10.35,-UuX1xuaiiE___1.npz,197614,437c355fac09c00516c0cf3fc4f65cecd14ab912408f7eeb1b404b0a64eecc7f,q1v2-feature-v1.0,2f9a7e731fd744f40638f1f66ba49efd67f3dae0b2a875dfd67389bcda423a36,5bde1d28afb363d0103324efeb5afc8b2b397fe5e04beabb9b1ef355255ade81,64184e229b263107bc2b804c6625db1341ff2bb731874b0bcc2fe6544e0bc9ff,ef451953badced2ed112ba4ffb997f9d2a7e7c444a09e8092665eadd9f24109e,27,1022,309,14,10.333333333333334,0,UNCERTAIN_REVIEW,word,word_valid,not_asserted,0,own_forced_alignment,q1v2_own_stable_ts_run,1,1,1,1,-1,1,1,1,1,27,27,27,0,0,27,27,0,0.045307443365695796,0.8336985634282931,0.0,10.2675,0.0,10.333333333333334,0.0,10.2675
-UuX1xuaiiE$_$3,-UuX1xuaiiE,3,ordinary_median_duration_proxy,text|audio|vision,da42f76b0ced73cc78ae3f0b290e2ee611d19e3556bb76d62c3c6230d4cc4b2d,data/attachment1/E题数据/E题数据/附件1-数据集原始多模态样本/MOSEI数据集部分原始视频-100条/-UuX1xuaiiE/3.mp4,eddb408f25bdc13e6de2fb74caeed709cb7a8f00640e7897135330437f66a2aa,827334f782b1f242c84ad944a657bc7f7c63643f71ae9c977811a3eecdd3ab33,4.130013,-UuX1xuaiiE___3.npz,114490,2bb69cf26e670b30404514aa60f01afdf98d8a0211d730b806d438adde1c4c95,q1v2-feature-v1.0,2f9a7e731fd744f40638f1f66ba49efd67f3dae0b2a875dfd67389bcda423a36,5bde1d28afb363d0103324efeb5afc8b2b397fe5e04beabb9b1ef355255ade81,64184e229b263107bc2b804c6625db1341ff2bb731874b0bcc2fe6544e0bc9ff,ef451953badced2ed112ba4ffb997f9d2a7e7c444a09e8092665eadd9f24109e,9,399,123,122,4.1,9,UNCERTAIN_REVIEW,word,word_valid,not_asserted,0,own_forced_alignment,q1v2_own_stable_ts_run,1,1,1,1,-1,1,1,1,1,9,9,9,0,0,9,9,9,0.991869918699187,0.7775404711053332,0.0,4.038375,0.0,4.1,0.0,4.038375
-UuX1xuaiiE$_$6,-UuX1xuaiiE,6,ordinary_median_duration_proxy,text|audio|vision,e2c054ac967686a1759bc7948266e76b60f24856b1b576db92ae86e8e7280c59,data/attachment1/E题数据/E题数据/附件1-数据集原始多模态样本/MOSEI数据集部分原始视频-100条/-UuX1xuaiiE/6.mp4,f0131ac00e44410fbd32c547a0d421c2791172434fc0203bb969abe14a530532,827334f782b1f242c84ad944a657bc7f7c63643f71ae9c977811a3eecdd3ab33,8.113997,-UuX1xuaiiE___6.npz,215012,73fe5767d5caf8160f8ba31b5993b2362694ae3ffddbc043ce9d56a115ed493b,q1v2-feature-v1.0,2f9a7e731fd744f40638f1f66ba49efd67f3dae0b2a875dfd67389bcda423a36,5bde1d28afb363d0103324efeb5afc8b2b397fe5e04beabb9b1ef355255ade81,64184e229b263107bc2b804c6625db1341ff2bb731874b0bcc2fe6544e0bc9ff,ef451953badced2ed112ba4ffb997f9d2a7e7c444a09e8092665eadd9f24109e,22,790,240,239,8.1,22,UNCERTAIN_REVIEW,word,word_valid,not_asserted,0,own_forced_alignment,q1v2_own_stable_ts_run,1,1,1,1,-1,1,1,1,1,22,22,22,0,0,22,22,22,0.9958333333333333,0.7553048363112799,0.0,7.9438125,0.0,8.1,0.0,7.9438125
-a55Q6RWvTA$_$3,-a55Q6RWvTA,3,long_duration_proxy,text|audio|vision,5fb87ab22ab30d653f463a042dfff4de8e1c86ce158ec88a819411df55941943,data/attachment1/E题数据/E题数据/附件1-数据集原始多模态样本/MOSEI数据集部分原始视频-100条/-a55Q6RWvTA/3.mp4,15d029fc15f50b268b98f1e8abc65e45582e638c13a018d7aa74a18373275946,827334f782b1f242c84ad944a657bc7f7c63643f71ae9c977811a3eecdd3ab33,22.153971,-a55Q6RWvTA___3.npz,576608,55934b7c7b9b94fe26fb3c59db9b94a84b67c794ad40eca1e2e1469065a89b0e,q1v2-feature-v1.0,2f9a7e731fd744f40638f1f66ba49efd67f3dae0b2a875dfd67389bcda423a36,5bde1d28afb363d0103324efeb5afc8b2b397fe5e04beabb9b1ef355255ade81,64184e229b263107bc2b804c6625db1341ff2bb731874b0bcc2fe6544e0bc9ff,ef451953badced2ed112ba4ffb997f9d2a7e7c444a09e8092665eadd9f24109e,65,2204,664,664,22.133333333333336,62,UNCERTAIN_REVIEW,word,word_partial,not_asserted,0,own_forced_alignment,q1v2_own_stable_ts_run,1,1,1,1,-1,1,1,1,1,65,65,62,3,0,65,62,62,1.0,0.8191705841231922,0.0,22.0833125,0.0,22.133333333333336,0.0,22.0833125
-aNfi7CP8vM$_$7,-aNfi7CP8vM,7,ordinary_median_duration_proxy,text|audio|vision,357d31bd7a85ead03ed7bf23ff3965388e78d86c59f3558e607c4a58dd982e22,data/attachment1/E题数据/E题数据/附件1-数据集原始多模态样本/MOSEI数据集部分原始视频-100条/-aNfi7CP8vM/7.mp4,0b6389f45bb966113c65a11998c6e7facdd24c8c42acf2e8cf32e0f2139402e1,827334f782b1f242c84ad944a657bc7f7c63643f71ae9c977811a3eecdd3ab33,8.694987,-aNfi7CP8vM___7.npz,212984,163deb48fde8ee5ab76c5149557921b716aae846d3e3ecb2e766d1aff367e32d,q1v2-feature-v1.0,2f9a7e731fd744f40638f1f66ba49efd67f3dae0b2a875dfd67389bcda423a36,5bde1d28afb363d0103324efeb5afc8b2b397fe5e04beabb9b1ef355255ade81,64184e229b263107bc2b804c6625db1341ff2bb731874b0bcc2fe6544e0bc9ff,ef451953badced2ed112ba4ffb997f9d2a7e7c444a09e8092665eadd9f24109e,18,849,257,257,8.666666666666666,17,UNCERTAIN_REVIEW,word,word_partial,not_asserted,0,own_forced_alignment,q1v2_own_stable_ts_run,1,1,1,1,-1,1,1,1,1,18,18,17,1,0,18,17,17,1.0,0.7636728329538883,0.0,8.5376875,0.0,8.666666666666666,0.0,8.5376875
-aqamKhZ1Ec$_$0,-aqamKhZ1Ec,0,ordinary_median_duration_proxy,text|audio|vision,ed2e5d24b8326f2cbd41f06d9e1606746a1f9c302ad47e65723605f6fa9fed1e,data/attachment1/E题数据/E题数据/附件1-数据集原始多模态样本/MOSEI数据集部分原始视频-100条/-aqamKhZ1Ec/0.mp4,6f6e674bbba4353399e9e7825217f37e6d8ca1adf9675f33cf37106f31c55548,827334f782b1f242c84ad944a657bc7f7c63643f71ae9c977811a3eecdd3ab33,10.966667,-aqamKhZ1Ec___0.npz,224483,6117dd3ff959c82225403324697cbbf5d73d8c3773950de47554271f2389d693,q1v2-feature-v1.0,2f9a7e731fd744f40638f1f66ba49efd67f3dae0b2a875dfd67389bcda423a36,5bde1d28afb363d0103324efeb5afc8b2b397fe5e04beabb9b1ef355255ade81,64184e229b263107bc2b804c6625db1341ff2bb731874b0bcc2fe6544e0bc9ff,ef451953badced2ed112ba4ffb997f9d2a7e7c444a09e8092665eadd9f24109e,14,1085,329,329,11.0,13,UNCERTAIN_REVIEW,word,word_partial,not_asserted,0,own_forced_alignment,q1v2_own_stable_ts_run,1,1,1,1,-1,1,1,1,1,14,14,13,1,0,14,13,13,1.0,0.9366229920283742,0.0,10.8901875,0.0,11.0,0.0,10.8901875
-dxfTGcXJoc$_$0,-dxfTGcXJoc,0,long_duration_proxy,text|audio|vision,ea04aec85b49688311b4655200ca5363047258d662d7b7aa1155b3dc0e767090,data/attachment1/E题数据/E题数据/附件1-数据集原始多模态样本/MOSEI数据集部分原始视频-100条/-dxfTGcXJoc/0.mp4,04bd0be907fb46c613f926fe1b06bc2c3b30881c293156510baa34a4105ade55,827334f782b1f242c84ad944a657bc7f7c63643f71ae9c977811a3eecdd3ab33,20.5,-dxfTGcXJoc___0.npz,427104,f536e8a016ab11e53bc3a74f9b57b44feb9b07595fcf5c5702052a447de9800c,q1v2-feature-v1.0,2f9a7e731fd744f40638f1f66ba49efd67f3dae0b2a875dfd67389bcda423a36,5bde1d28afb363d0103324efeb5afc8b2b397fe5e04beabb9b1ef355255ade81,64184e229b263107bc2b804c6625db1341ff2bb731874b0bcc2fe6544e0bc9ff,ef451953badced2ed112ba4ffb997f9d2a7e7c444a09e8092665eadd9f24109e,40,2037,615,479,20.533333333333335,32,UNCERTAIN_REVIEW,word,word_partial,not_asserted,0,own_forced_alignment,q1v2_own_stable_ts_run,1,1,1,1,-1,1,1,1,1,40,41,39,1,0,40,39,32,0.7788617886178861,0.7692166361470576,0.0,20.410375,0.0,20.533333333333335,0.0,20.410375
-dxfTGcXJoc$_$1,-dxfTGcXJoc,1,long_duration_proxy,text|audio|vision,7264a3b8886102eedba485807edbb00abad90e60f85c1bc21cf23395b498ebfa,data/attachment1/E题数据/E题数据/附件1-数据集原始多模态样本/MOSEI数据集部分原始视频-100条/-dxfTGcXJoc/1.mp4,b5ffdc98a4a98b8f0aae55dee5fed66a43bcb129f47a250a004c1cc74e572595,827334f782b1f242c84ad944a657bc7f7c63643f71ae9c977811a3eecdd3ab33,16.161003,-dxfTGcXJoc___1.npz,380974,8045b7b84a9cbd07b40179b84f20c11b0c65684d15f854d68c0f4e8c1d769e13,q1v2-feature-v1.0,2f9a7e731fd744f40638f1f66ba49efd67f3dae0b2a875dfd67389bcda423a36,5bde1d28afb363d0103324efeb5afc8b2b397fe5e04beabb9b1ef355255ade81,64184e229b263107bc2b804c6625db1341ff2bb731874b0bcc2fe6544e0bc9ff,ef451953badced2ed112ba4ffb997f9d2a7e7c444a09e8092665eadd9f24109e,36,1597,482,482,16.133333333333336,36,UNCERTAIN_REVIEW,word,word_valid,not_asserted,0,own_forced_alignment,q1v2_own_stable_ts_run,1,1,1,1,-1,1,1,1,1,36,36,36,0,0,36,36,36,1.0,0.8502867845019315,0.0,16.018125,0.0,16.133333333333336,0.0,16.018125
-dxfTGcXJoc$_$2,-dxfTGcXJoc,2,long_duration_proxy,text|audio|vision,c699d0a24ff210a5e70956097ac4961a7553b2d75e062c316e536e3eadb0613c,data/attachment1/E题数据/E题数据/附件1-数据集原始多模态样本/MOSEI数据集部分原始视频-100条/-dxfTGcXJoc/2.mp4,46a5e523b5dd00364c99a3bcbc6fae4c80e1382a84b5b5e681c46eb074ed10f7,827334f782b1f242c84ad944a657bc7f7c63643f71ae9c977811a3eecdd3ab33,16.697982,-dxfTGcXJoc___2.npz,382103,900776640e00eb2e1d20e1b5a45423b817f105ed6c0e1147c08fedd87fb6ca9f,q1v2-feature-v1.0,2f9a7e731fd744f40638f1f66ba49efd67f3dae0b2a875dfd67389bcda423a36,5bde1d28afb363d0103324efeb5afc8b2b397fe5e04beabb9b1ef355255ade81,64184e229b263107bc2b804c6625db1341ff2bb731874b0bcc2fe6544e0bc9ff,ef451953badced2ed112ba4ffb997f9d2a7e7c444a09e8092665eadd9f24109e,34,1659,500,500,16.666666666666668,34,UNCERTAIN_REVIEW,word,word_valid,not_asserted,0,own_forced_alignment,q1v2_own_stable_ts_run,1,1,1,1,-1,1,1,1,1,34,34,34,0,0,34,34,34,1.0,0.8248569313608712,0.0,16.6331875,0.0,16.666666666666668,0.0,16.6331875
-dxfTGcXJoc$_$6,-dxfTGcXJoc,6,ordinary_median_duration_proxy,text|audio|vision,a835a8ff3f92a75b95e7c95daf1308a6b60b7e938cae5e893630c64c5291e076,data/attachment1/E题数据/E题数据/附件1-数据集原始多模态样本/MOSEI数据集部分原始视频-100条/-dxfTGcXJoc/6.mp4,55c1ff86729ab21da743a5107ed07b220e41b4193cd1c0ba9f009e65c3ab0513,827334f782b1f242c84ad944a657bc7f7c63643f71ae9c977811a3eecdd3ab33,12.735026,-dxfTGcXJoc___6.npz,299603,3a79eb835599573b94332e20fcd47775154fd5d179fde1511d643fe3cfb5c434,q1v2-feature-v1.0,2f9a7e731fd744f40638f1f66ba49efd67f3dae0b2a875dfd67389bcda423a36,5bde1d28afb363d0103324efeb5afc8b2b397fe5e04beabb9b1ef355255ade81,64184e229b263107bc2b804c6625db1341ff2bb731874b0bcc2fe6544e0bc9ff,ef451953badced2ed112ba4ffb997f9d2a7e7c444a09e8092665eadd9f24109e,27,1258,381,380,12.733333333333333,27,UNCERTAIN_REVIEW,word,word_valid,not_asserted,0,own_forced_alignment,q1v2_own_stable_ts_run,1,1,1,1,-1,1,1,1,1,27,27,27,0,0,27,27,27,0.9973753280839895,0.7538541486228995,0.0,12.6284375,0.0,12.733333333333333,0.0,12.6284375
-egA8-b7-3M$_$1,-egA8-b7-3M,1,ordinary_median_duration_proxy,text|audio|vision,51a43241a4907afa84e3ba3f9fc188eb045a2d63c24a6fe67b7f4a9a60b59dd5,data/attachment1/E题数据/E题数据/附件1-数据集原始多模态样本/MOSEI数据集部分原始视频-100条/-egA8-b7-3M/1.mp4,589a7989b1b4888568c31614a2d6beefba88fb87289c85b94df2d8051500403b,827334f782b1f242c84ad944a657bc7f7c63643f71ae9c977811a3eecdd3ab33,10.266016,-egA8-b7-3M___1.npz,243904,93c83162e3e7f29ec335b02c86b0d7a45d2bec518e2461726ff3a685ae406e18,q1v2-feature-v1.0,2f9a7e731fd744f40638f1f66ba49efd67f3dae0b2a875dfd67389bcda423a36,5bde1d28afb363d0103324efeb5afc8b2b397fe5e04beabb9b1ef355255ade81,64184e229b263107bc2b804c6625db1341ff2bb731874b0bcc2fe6544e0bc9ff,ef451953badced2ed112ba4ffb997f9d2a7e7c444a09e8092665eadd9f24109e,20,1011,306,306,10.233333333333333,19,UNCERTAIN_REVIEW,word,word_partial,not_asserted,0,own_forced_alignment,q1v2_own_stable_ts_run,1,1,1,1,-1,1,1,1,1,20,20,19,1,0,20,19,19,1.0,0.8861538461538462,0.0,10.15625,0.0,10.233333333333333,0.0,10.15625
-egA8-b7-3M$_$13,-egA8-b7-3M,13,ordinary_median_duration_proxy,text|audio|vision,31e06bfd066f5eabfce83f6afbb3fe97c0c1f20c4dc5f88fd29ab92b7e2dced2,data/attachment1/E题数据/E题数据/附件1-数据集原始多模态样本/MOSEI数据集部分原始视频-100条/-egA8-b7-3M/13.mp4,cbd627c225ebca37521ae238cb9ec254cad236822f4f37ebfbb039e6c56aea4c,827334f782b1f242c84ad944a657bc7f7c63643f71ae9c977811a3eecdd3ab33,4.183984,-egA8-b7-3M___13.npz,121071,96a601c01c2994199741462d4629c5c0b87b4a863ffaf49caaa1a2164f98b0b2,q1v2-feature-v1.0,2f9a7e731fd744f40638f1f66ba49efd67f3dae0b2a875dfd67389bcda423a36,5bde1d28afb363d0103324efeb5afc8b2b397fe5e04beabb9b1ef355255ade81,64184e229b263107bc2b804c6625db1341ff2bb731874b0bcc2fe6544e0bc9ff,ef451953badced2ed112ba4ffb997f9d2a7e7c444a09e8092665eadd9f24109e,11,398,123,123,4.166666666666667,11,UNCERTAIN_REVIEW,word,word_valid,not_asserted,0,own_forced_alignment,q1v2_own_stable_ts_run,1,1,1,1,-1,1,1,1,1,11,11,11,0,0,11,11,11,1.0,0.7704016650616632,0.0,4.023875,0.0,4.166666666666667,0.0,4.023875
-egA8-b7-3M$_$16,-egA8-b7-3M,16,ordinary_median_duration_proxy,text|audio|vision,6b3a71aaf936c46a861b702c61b5ba0c2984cc60da992f39a725919994fc5b2a,data/attachment1/E题数据/E题数据/附件1-数据集原始多模态样本/MOSEI数据集部分原始视频-100条/-egA8-b7-3M/16.mp4,4c015f85e3bd901ecedde8c0c2ca4a756d9a77dfe4177625c481581f2037ff9c,827334f782b1f242c84ad944a657bc7f7c63643f71ae9c977811a3eecdd3ab33,5.538021,-egA8-b7-3M___16.npz,143146,2f8de18c47d58e60818d1b3b2025327fd1369cf72cab4a1c19bcbb17ac88ed90,q1v2-feature-v1.0,2f9a7e731fd744f40638f1f66ba49efd67f3dae0b2a875dfd67389bcda423a36,5bde1d28afb363d0103324efeb5afc8b2b397fe5e04beabb9b1ef355255ade81,64184e229b263107bc2b804c6625db1341ff2bb731874b0bcc2fe6544e0bc9ff,ef451953badced2ed112ba4ffb997f9d2a7e7c444a09e8092665eadd9f24109e,11,544,166,166,5.533333333333333,11,UNCERTAIN_REVIEW,word,word_valid,not_asserted,0,own_forced_alignment,q1v2_own_stable_ts_run,1,1,1,1,-1,1,1,1,1,11,11,11,0,0,11,11,11,1.0,0.7842422031734454,0.0,5.483,0.0,5.533333333333333,0.0,5.483
-egA8-b7-3M$_$17,-egA8-b7-3M,17,ordinary_median_duration_proxy,text|audio|vision,979b2fe6ff1090964be7311d2794106640028a26397f696f3410b16d440cf6e0,data/attachment1/E题数据/E题数据/附件1-数据集原始多模态样本/MOSEI数据集部分原始视频-100条/-egA8-b7-3M/17.mp4,f967e81e0edd51c3700671721afb3fbecbbc32652f27d2db40ea444e8d80c68f,827334f782b1f242c84ad944a657bc7f7c63643f71ae9c977811a3eecdd3ab33,7.271029,-egA8-b7-3M___17.npz,182534,af95d8daa951ac80ccd61104d0603ce2cd5afc28ed84adbae9426d78260cc14b,q1v2-feature-v1.0,2f9a7e731fd744f40638f1f66ba49efd67f3dae0b2a875dfd67389bcda423a36,5bde1d28afb363d0103324efeb5afc8b2b397fe5e04beabb9b1ef355255ade81,64184e229b263107bc2b804c6625db1341ff2bb731874b0bcc2fe6544e0bc9ff,ef451953badced2ed112ba4ffb997f9d2a7e7c444a09e8092665eadd9f24109e,16,705,215,215,7.266666666666667,16,UNCERTAIN_REVIEW,word,word_valid,not_asserted,0,own_forced_alignment,q1v2_own_stable_ts_run,1,1,1,1,-1,1,1,1,1,16,16,16,0,0,16,16,16,1.0,0.6483210598639935,0.0,7.09525,0.0,7.266666666666667,0.0,7.09525
-egA8-b7-3M$_$18,-egA8-b7-3M,18,ordinary_median_duration_proxy,text|audio|vision,f9ca5d6cd8092dfb86bf9c24e1bf22bb2020a88c30e5d6895f15d8334badfeb3,data/attachment1/E题数据/E题数据/附件1-数据集原始多模态样本/MOSEI数据集部分原始视频-100条/-egA8-b7-3M/18.mp4,fd4bc95a6adfb16a9588b7ed65cc2812186ce3d607804dc76f4486312951ef90,827334f782b1f242c84ad944a657bc7f7c63643f71ae9c977811a3eecdd3ab33,8.386003,-egA8-b7-3M___18.npz,221315,38932ce205d56ee88f36f8758ff629f255c3d87b1d286977e6ac9c07f8e490be,q1v2-feature-v1.0,2f9a7e731fd744f40638f1f66ba49efd67f3dae0b2a875dfd67389bcda423a36,5bde1d28afb363d0103324efeb5afc8b2b397fe5e04beabb9b1ef355255ade81,64184e229b263107bc2b804c6625db1341ff2bb731874b0bcc2fe6544e0bc9ff,ef451953badced2ed112ba4ffb997f9d2a7e7c444a09e8092665eadd9f24109e,22,822,250,250,8.366666666666667,21,UNCERTAIN_REVIEW,word,word_partial,not_asserted,0,own_forced_alignment,q1v2_own_stable_ts_run,1,1,1,1,-1,1,1,1,1,22,22,21,1,0,22,21,21,1.0,0.7960620335574022,0.0,8.2656875,0.0,8.366666666666667,0.0,8.2656875
-egA8-b7-3M$_$20,-egA8-b7-3M,20,ordinary_median_duration_proxy,text|audio|vision,2997ee5650dda6f858bcc4f971f157b26b57bca319f3db435c46b6bc9dfc01d3,data/attachment1/E题数据/E题数据/附件1-数据集原始多模态样本/MOSEI数据集部分原始视频-100条/-egA8-b7-3M/20.mp4,719ef133920e74b3ea33925d2bca0270b062199116867568f88ac83cadcd74e8,827334f782b1f242c84ad944a657bc7f7c63643f71ae9c977811a3eecdd3ab33,6.644987,-egA8-b7-3M___20.npz,187454,4c26a316d613ea5b59caac0185244d3ccabbda03217ca0d2f8ae56695ff0dfad,q1v2-feature-v1.0,2f9a7e731fd744f40638f1f66ba49efd67f3dae0b2a875dfd67389bcda423a36,5bde1d28afb363d0103324efeb5afc8b2b397fe5e04beabb9b1ef355255ade81,64184e229b263107bc2b804c6625db1341ff2bb731874b0bcc2fe6544e0bc9ff,ef451953badced2ed112ba4ffb997f9d2a7e7c444a09e8092665eadd9f24109e,20,643,196,196,6.633333333333333,20,UNCERTAIN_REVIEW,word,word_valid,not_asserted,0,own_forced_alignment,q1v2_own_stable_ts_run,1,1,1,1,-1,1,1,1,1,20,20,20,0,0,20,20,20,1.0,0.7104864322190152,0.0,6.4744375,0.0,6.633333333333333,0.0,6.4744375
-egA8-b7-3M$_$26,-egA8-b7-3M,26,ordinary_median_duration_proxy,text|audio|vision,57dfcca31da6ebc3890da73654c8b44346d78eae2f1ee8bc8ad41f39b2b8fc10,data/attachment1/E题数据/E题数据/附件1-数据集原始多模态样本/MOSEI数据集部分原始视频-100条/-egA8-b7-3M/26.mp4,11f78aed680ea9c5862a15e04ff6c1f8776c46d29c98b68d28773ff39d959685,827334f782b1f242c84ad944a657bc7f7c63643f71ae9c977811a3eecdd3ab33,6.03099,-egA8-b7-3M___26.npz,163800,40b2a0a198c23eb96f77f6ee6e3a00ed58678c34b849f8fc75edbed786628fb6,q1v2-feature-v1.0,2f9a7e731fd744f40638f1f66ba49efd67f3dae0b2a875dfd67389bcda423a36,5bde1d28afb363d0103324efeb5afc8b2b397fe5e04beabb9b1ef355255ade81,64184e229b263107bc2b804c6625db1341ff2bb731874b0bcc2fe6544e0bc9ff,ef451953badced2ed112ba4ffb997f9d2a7e7c444a09e8092665eadd9f24109e,15,588,179,179,6.0,15,UNCERTAIN_REVIEW,word,word_valid,not_asserted,0,own_forced_alignment,q1v2_own_stable_ts_run,1,1,1,1,-1,1,1,1,1,15,15,15,0,0,15,15,15,1.0,0.7870873755660885,0.0,5.9205625,0.0,6.0,0.0,5.9205625
-egA8-b7-3M$_$6,-egA8-b7-3M,6,ordinary_median_duration_proxy,text|audio|vision,b98c6975a7f19c8f12491fc3bb3d8d605950b41615c28e4631c3363aefbe8de6,data/attachment1/E题数据/E题数据/附件1-数据集原始多模态样本/MOSEI数据集部分原始视频-100条/-egA8-b7-3M/6.mp4,2e88a00d5e55863aa956b4b0949fc0e4f2975ccfd83b3194957f6fca86ecfce0,827334f782b1f242c84ad944a657bc7f7c63643f71ae9c977811a3eecdd3ab33,6.264974,-egA8-b7-3M___6.npz,157269,29cfe0b8c0c97bac27f3270300570fe2bc0b2a849393a8bbe5896a2d24f14142,q1v2-feature-v1.0,2f9a7e731fd744f40638f1f66ba49efd67f3dae0b2a875dfd67389bcda423a36,5bde1d28afb363d0103324efeb5afc8b2b397fe5e04beabb9b1ef355255ade81,64184e229b263107bc2b804c6625db1341ff2bb731874b0bcc2fe6544e0bc9ff,ef451953badced2ed112ba4ffb997f9d2a7e7c444a09e8092665eadd9f24109e,12,614,187,187,6.233333333333333,12,UNCERTAIN_REVIEW,word,word_valid,not_asserted,0,own_forced_alignment,q1v2_own_stable_ts_run,1,1,1,1,-1,1,1,1,1,12,12,12,0,0,12,12,12,1.0,0.8021833619731121,0.0,6.183125,0.0,6.233333333333333,0.0,6.183125
-egA8-b7-3M$_$9,-egA8-b7-3M,9,ordinary_median_duration_proxy,text|audio|vision,8200dcc9204cbda2b4c2f4dc70ed0f502f5160841a03fe67d16870219cf30d90,data/attachment1/E题数据/E题数据/附件1-数据集原始多模态样本/MOSEI数据集部分原始视频-100条/-egA8-b7-3M/9.mp4,bcd643f328616312eae9b28e6c9aabbe8acaec3e4c4be58daeb45e3eee4d973c,827334f782b1f242c84ad944a657bc7f7c63643f71ae9c977811a3eecdd3ab33,5.089974,-egA8-b7-3M___9.npz,131720,3f4fb53d3140378a623635b335ad74d4b6e2667ee4b756de51062429348b4265,q1v2-feature-v1.0,2f9a7e731fd744f40638f1f66ba49efd67f3dae0b2a875dfd67389bcda423a36,5bde1d28afb363d0103324efeb5afc8b2b397fe5e04beabb9b1ef355255ade81,64184e229b263107bc2b804c6625db1341ff2bb731874b0bcc2fe6544e0bc9ff,ef451953badced2ed112ba4ffb997f9d2a7e7c444a09e8092665eadd9f24109e,10,489,150,150,5.066666666666666,10,UNCERTAIN_REVIEW,word,word_valid,not_asserted,0,own_forced_alignment,q1v2_own_stable_ts_run,1,1,1,1,-1,1,1,1,1,10,10,10,0,0,10,10,10,1.0,0.7374205474942389,0.0,4.936125,0.0,5.066666666666666,0.0,4.936125
-hnBHBN8p5A$_$6,-hnBHBN8p5A,6,ordinary_median_duration_proxy,text|audio|vision,efd53156234a6fe19e1d8ddffac7dc78c44efc68a0a2f293dc30821bfdd094b8,data/attachment1/E题数据/E题数据/附件1-数据集原始多模态样本/MOSEI数据集部分原始视频-100条/-hnBHBN8p5A/6.mp4,997f6808ac3973ddd71800e91c8e10755c10b5037186d84348a79e00d672fdc7,827334f782b1f242c84ad944a657bc7f7c63643f71ae9c977811a3eecdd3ab33,6.401,-hnBHBN8p5A___6.npz,120845,59b4a94d0b5ff0a4db4f08f4f7da01f29e9d314e55c8b828a9d0378705967dd0,q1v2-feature-v1.0,2f9a7e731fd744f40638f1f66ba49efd67f3dae0b2a875dfd67389bcda423a36,5bde1d28afb363d0103324efeb5afc8b2b397fe5e04beabb9b1ef355255ade81,64184e229b263107bc2b804c6625db1341ff2bb731874b0bcc2fe6544e0bc9ff,ef451953badced2ed112ba4ffb997f9d2a7e7c444a09e8092665eadd9f24109e,13,629,153,36,6.381366666666667,1,UNCERTAIN_REVIEW,word,word_partial,not_asserted,0,own_forced_alignment,q1v2_own_stable_ts_run,1,1,1,1,-1,1,1,1,1,13,13,3,10,0,13,3,1,0.23529411764705882,0.4705650135701949,0.0,6.3328125,0.0,6.381366666666667,0.0,6.3328125
-hnBHBN8p5A$_$7,-hnBHBN8p5A,7,ordinary_median_duration_proxy,text|audio|vision,96598849754d0594dd898377ebd1f8ce193af1491d5f002050f6dea780c7ca2f,data/attachment1/E题数据/E题数据/附件1-数据集原始多模态样本/MOSEI数据集部分原始视频-100条/-hnBHBN8p5A/7.mp4,0ec6fb76226315d3fafbb483e3500e60cc8a6729617b10e4b4b76163595080fb,827334f782b1f242c84ad944a657bc7f7c63643f71ae9c977811a3eecdd3ab33,7.372,-hnBHBN8p5A___7.npz,123523,d60b71502a30ecc4d4d0b8ee496c5549e21ff735a0b2b4f13701f15a350d534d,q1v2-feature-v1.0,2f9a7e731fd744f40638f1f66ba49efd67f3dae0b2a875dfd67389bcda423a36,5bde1d28afb363d0103324efeb5afc8b2b397fe5e04beabb9b1ef355255ade81,64184e229b263107bc2b804c6625db1341ff2bb731874b0bcc2fe6544e0bc9ff,ef451953badced2ed112ba4ffb997f9d2a7e7c444a09e8092665eadd9f24109e,13,726,176,0,7.3406666666666665,0,UNCERTAIN_REVIEW,word,word_partial,not_asserted,0,own_forced_alignment,q1v2_own_stable_ts_run,1,1,1,1,-1,1,1,0,0,13,13,6,7,0,13,6,0,0.0,0.4474204058595654,0.0,7.3085625,0.0,7.3406666666666665,0.0,7.3085625
-iRBcNs9oI8$_$3,-iRBcNs9oI8,3,ordinary_median_duration_proxy,text|audio|vision,74ff88671014acdb3aa95ed965c04e597c2894bc5e2510e834841372ec31d977,data/attachment1/E题数据/E题数据/附件1-数据集原始多模态样本/MOSEI数据集部分原始视频-100条/-iRBcNs9oI8/3.mp4,39c547acd1a8da2ebc6c6ab008191a5676420398a974cd9611cad087f0ccec50,827334f782b1f242c84ad944a657bc7f7c63643f71ae9c977811a3eecdd3ab33,5.621,-iRBcNs9oI8___3.npz,99426,98d41c4c1d1411dfb3f1178f9d8f45328139c06c7cf4db784f8d94a5f37c5514,q1v2-feature-v1.0,2f9a7e731fd744f40638f1f66ba49efd67f3dae0b2a875dfd67389bcda423a36,5bde1d28afb363d0103324efeb5afc8b2b397fe5e04beabb9b1ef355255ade81,64184e229b263107bc2b804c6625db1341ff2bb731874b0bcc2fe6544e0bc9ff,ef451953badced2ed112ba4ffb997f9d2a7e7c444a09e8092665eadd9f24109e,8,549,167,0,5.6056,0,UNCERTAIN_REVIEW,word,word_partial,not_asserted,0,own_forced_alignment,q1v2_own_stable_ts_run,1,1,1,1,-1,1,1,0,0,8,8,6,2,0,8,6,0,0.0,0.38279239832076917,0.0,5.53825,0.0,5.6056,0.0,5.53825
-iRBcNs9oI8$_$6,-iRBcNs9oI8,6,short_duration_proxy,text|audio|vision,8b90c98e534344214d67a63ba80f4382929724c610d096f5740da1b2b8bfb1f5,data/attachment1/E题数据/E题数据/附件1-数据集原始多模态样本/MOSEI数据集部分原始视频-100条/-iRBcNs9oI8/6.mp4,030b0b8d8d4ae47799432ab71b66fcc881f077c5b0feef892c1f146dc0a592e3,827334f782b1f242c84ad944a657bc7f7c63643f71ae9c977811a3eecdd3ab33,2.903,-iRBcNs9oI8___6.npz,65272,c6e08c4adf483ab6b12bfd31f2e03f651a90aab9d2327568298c9e6d4c2d6a5f,q1v2-feature-v1.0,2f9a7e731fd744f40638f1f66ba49efd67f3dae0b2a875dfd67389bcda423a36,5bde1d28afb363d0103324efeb5afc8b2b397fe5e04beabb9b1ef355255ade81,64184e229b263107bc2b804c6625db1341ff2bb731874b0bcc2fe6544e0bc9ff,ef451953badced2ed112ba4ffb997f9d2a7e7c444a09e8092665eadd9f24109e,5,278,85,0,2.8695333333333335,0,UNCERTAIN_REVIEW,word,word_partial,not_asserted,0,own_forced_alignment,q1v2_own_stable_ts_run,1,1,1,1,-1,1,1,0,0,5,5,3,2,0,5,3,0,0.0,0.482194694971968,0.0,2.8204375,0.0,2.8695333333333335,0.0,2.8204375
-iRBcNs9oI8$_$7,-iRBcNs9oI8,7,ordinary_median_duration_proxy,text|audio|vision,f2ccb178171be521c123b772104e205402a7397a3add0912e887c1df79b2da01,data/attachment1/E题数据/E题数据/附件1-数据集原始多模态样本/MOSEI数据集部分原始视频-100条/-iRBcNs9oI8/7.mp4,cc7b1c7a06ec41d72007b5c42fb8036f30b66d5cf76e3f093160c22fc5e38081,827334f782b1f242c84ad944a657bc7f7c63643f71ae9c977811a3eecdd3ab33,4.104,-iRBcNs9oI8___7.npz,87946,9e596ade9748cc1e3832cef3ed226e6fade79eba8b660b4b39467a8de5b89a11,q1v2-feature-v1.0,2f9a7e731fd744f40638f1f66ba49efd67f3dae0b2a875dfd67389bcda423a36,5bde1d28afb363d0103324efeb5afc8b2b397fe5e04beabb9b1ef355255ade81,64184e229b263107bc2b804c6625db1341ff2bb731874b0bcc2fe6544e0bc9ff,ef451953badced2ed112ba4ffb997f9d2a7e7c444a09e8092665eadd9f24109e,9,396,120,0,4.070733333333333,0,UNCERTAIN_REVIEW,word,word_partial,not_asserted,0,own_forced_alignment,q1v2_own_stable_ts_run,1,1,1,1,-1,1,1,0,0,9,9,4,5,0,9,4,0,0.0,0.7589090682144417,0.0,4.00575,0.0,4.070733333333333,0.0,4.00575
-iRBcNs9oI8$_$8,-iRBcNs9oI8,8,ordinary_median_duration_proxy,text|audio|vision,8bf39f02221f36bddb8b51da6b6156a29d9cb435c1b1294db873b5956fc6e0a1,data/attachment1/E题数据/E题数据/附件1-数据集原始多模态样本/MOSEI数据集部分原始视频-100条/-iRBcNs9oI8/8.mp4,72a49e3da2862addcde033bd2fbae957d086533664ca4dcbccd3a851bcd50412,827334f782b1f242c84ad944a657bc7f7c63643f71ae9c977811a3eecdd3ab33,8.093,-iRBcNs9oI8___8.npz,160314,fe59205ace3b80d289924ed8d3b0514ef59d1767ebf68a9ce25da773a84b8dec,q1v2-feature-v1.0,2f9a7e731fd744f40638f1f66ba49efd67f3dae0b2a875dfd67389bcda423a36,5bde1d28afb363d0103324efeb5afc8b2b397fe5e04beabb9b1ef355255ade81,64184e229b263107bc2b804c6625db1341ff2bb731874b0bcc2fe6544e0bc9ff,ef451953badced2ed112ba4ffb997f9d2a7e7c444a09e8092665eadd9f24109e,21,798,241,0,8.074733333333333,0,UNCERTAIN_REVIEW,word,word_partial,not_asserted,0,own_forced_alignment,q1v2_own_stable_ts_run,1,1,1,1,-1,1,1,0,0,21,21,11,10,0,21,11,0,0.0,0.21741669716626302,0.0,8.0260625,0.0,8.074733333333333,0.0,8.0260625
-iRBcNs9oI8$_$9,-iRBcNs9oI8,9,short_duration_proxy,text|audio|vision,77cfcd2dd3fe84ebeb9790e9e6d4c6cabd5e5ba4fdabfd581963eebbd450fba7,data/attachment1/E题数据/E题数据/附件1-数据集原始多模态样本/MOSEI数据集部分原始视频-100条/-iRBcNs9oI8/9.mp4,352bdcc73d3622d6abac1b09f2039b211d15b9bf7acee66f0b07783c9b7a4c74,827334f782b1f242c84ad944a657bc7f7c63643f71ae9c977811a3eecdd3ab33,3.416,-iRBcNs9oI8___9.npz,67956,897cb8834a726d3c8c5bf4731d862fb2fba510e4af81723d7dd5b553970efb45,q1v2-feature-v1.0,2f9a7e731fd744f40638f1f66ba49efd67f3dae0b2a875dfd67389bcda423a36,5bde1d28afb363d0103324efeb5afc8b2b397fe5e04beabb9b1ef355255ade81,64184e229b263107bc2b804c6625db1341ff2bb731874b0bcc2fe6544e0bc9ff,ef451953badced2ed112ba4ffb997f9d2a7e7c444a09e8092665eadd9f24109e,5,333,102,0,3.4034,0,UNCERTAIN_REVIEW,word,word_partial,not_asserted,0,own_forced_alignment,q1v2_own_stable_ts_run,1,1,1,1,-1,1,1,0,0,5,5,3,2,0,5,3,0,0.0,0.5394090951190145,0.0,3.3740625,0.0,3.4034,0.0,3.3740625
-lzEya4AM_4$_$5,-lzEya4AM_4,5,ordinary_median_duration_proxy,text|audio|vision,35fcdf82141bdf73ce0241597e565d4fd002ccc799d6dd0ad3d1ef73c7752968,data/attachment1/E题数据/E题数据/附件1-数据集原始多模态样本/MOSEI数据集部分原始视频-100条/-lzEya4AM_4/5.mp4,3b74de8d0e66fd754594f05985e5af3480adcc03555f79225d3b727cb4bed043,827334f782b1f242c84ad944a657bc7f7c63643f71ae9c977811a3eecdd3ab33,7.675,-lzEya4AM_4___5.npz,146910,b5270d42756aea65c434beb78ad5439cd2f2ff472b6e10b4d83c0279be45d0ae,q1v2-feature-v1.0,2f9a7e731fd744f40638f1f66ba49efd67f3dae0b2a875dfd67389bcda423a36,5bde1d28afb363d0103324efeb5afc8b2b397fe5e04beabb9b1ef355255ade81,64184e229b263107bc2b804c6625db1341ff2bb731874b0bcc2fe6544e0bc9ff,ef451953badced2ed112ba4ffb997f9d2a7e7c444a09e8092665eadd9f24109e,19,752,229,0,7.666666666666667,0,UNCERTAIN_REVIEW,word,word_valid,not_asserted,0,own_forced_alignment,q1v2_own_stable_ts_run,1,1,1,1,-1,1,1,0,0,19,19,19,0,0,19,19,0,0.0,0.7556454609255665,0.0,7.5696875,0.0,7.666666666666667,0.0,7.5696875
-lzEya4AM_4$_$6,-lzEya4AM_4,6,long_duration_proxy,text|audio|vision,fabeff19e5d6ebada7f1781ee2216e38f9de68a5663ff81db310a970026924ef,data/attachment1/E题数据/E题数据/附件1-数据集原始多模态样本/MOSEI数据集部分原始视频-100条/-lzEya4AM_4/6.mp4,ff5da5afb551001d58100ed2471caea51c741046d5396957efbf40082307ca18,827334f782b1f242c84ad944a657bc7f7c63643f71ae9c977811a3eecdd3ab33,14.791992,-lzEya4AM_4___6.npz,282078,dd86e9c92247b587d4a04b9e98a8e0ad9cdba6d3d8204119d956f772624ad2bc,q1v2-feature-v1.0,2f9a7e731fd744f40638f1f66ba49efd67f3dae0b2a875dfd67389bcda423a36,5bde1d28afb363d0103324efeb5afc8b2b397fe5e04beabb9b1ef355255ade81,64184e229b263107bc2b804c6625db1341ff2bb731874b0bcc2fe6544e0bc9ff,ef451953badced2ed112ba4ffb997f9d2a7e7c444a09e8092665eadd9f24109e,43,1470,443,0,14.766666666666666,0,UNCERTAIN_REVIEW,word,word_partial,not_asserted,0,own_forced_alignment,q1v2_own_stable_ts_run,1,1,1,1,-1,1,1,0,0,43,43,42,1,0,43,42,0,0.0,0.6661974339187436,0.0,14.740375,0.0,14.766666666666666,0.0,14.740375
-mJ2ud6oKI8$_$1,-mJ2ud6oKI8,1,ordinary_median_duration_proxy,text|audio|vision,26b67ad884639a25bddf06e9d77bcea529051bb8110a660e2f2742558c093b4d,data/attachment1/E题数据/E题数据/附件1-数据集原始多模态样本/MOSEI数据集部分原始视频-100条/-mJ2ud6oKI8/1.mp4,c8e3acb4ca08679796c4c8cdfcd8c2b3cffc0465015efaffa1eccdb55ff4f45b,827334f782b1f242c84ad944a657bc7f7c63643f71ae9c977811a3eecdd3ab33,6.103,-mJ2ud6oKI8___1.npz,68297,36d7f613e952c9cbc6e01c7acbe5585490e4c41b562ccf12f585d05e18d750af,q1v2-feature-v1.0,2f9a7e731fd744f40638f1f66ba49efd67f3dae0b2a875dfd67389bcda423a36,5bde1d28afb363d0103324efeb5afc8b2b397fe5e04beabb9b1ef355255ade81,64184e229b263107bc2b804c6625db1341ff2bb731874b0bcc2fe6544e0bc9ff,ef451953badced2ed112ba4ffb997f9d2a7e7c444a09e8092665eadd9f24109e,13,601,182,0,6.072733333333334,0,TRI_MODAL_WITH_AUDIO_CONTENT_INVALID,clip,clip_only,no_speech,0,none,q1v2_own_stable_ts_run,1,1,1,1,0,1,1,0,0,13,13,0,13,0,13,0,0,0.0,0.0,0.0,6.0545,0.0,6.072733333333334,0.0,6.0545
-mJ2ud6oKI8$_$2,-mJ2ud6oKI8,2,ordinary_median_duration_proxy,text|audio|vision,672f0f80a7c9d3bdfe1dc1ab5a611f4dd39f48cbf8cc92518fc2d9a63106f872,data/attachment1/E题数据/E题数据/附件1-数据集原始多模态样本/MOSEI数据集部分原始视频-100条/-mJ2ud6oKI8/2.mp4,c41790f8b75f886bd1f5d6d72cbab1985306d0b715e5ae47203f3d0c8a3e7b28,827334f782b1f242c84ad944a657bc7f7c63643f71ae9c977811a3eecdd3ab33,5.731,-mJ2ud6oKI8___2.npz,62238,2d77bb6eaa9c8adb0a79fc54aeca0f4d31171f64c5d09931926658ffbedb1143,q1v2-feature-v1.0,2f9a7e731fd744f40638f1f66ba49efd67f3dae0b2a875dfd67389bcda423a36,5bde1d28afb363d0103324efeb5afc8b2b397fe5e04beabb9b1ef355255ade81,64184e229b263107bc2b804c6625db1341ff2bb731874b0bcc2fe6544e0bc9ff,ef451953badced2ed112ba4ffb997f9d2a7e7c444a09e8092665eadd9f24109e,11,566,171,0,5.7057,0,TRI_MODAL_WITH_AUDIO_CONTENT_INVALID,clip,clip_only,no_speech,0,none,q1v2_own_stable_ts_run,1,1,1,1,0,1,1,0,0,11,11,0,11,0,11,0,0,0.0,0.0,0.0,5.7016875,0.0,5.7057,0.0,5.7016875
-mJ2ud6oKI8$_$6,-mJ2ud6oKI8,6,short_duration_proxy,text|audio|vision,f405d94b07de80ee5c8ec3140ca886ef28f35821d5e3484172a0e3dd8a510f80,data/attachment1/E题数据/E题数据/附件1-数据集原始多模态样本/MOSEI数据集部分原始视频-100条/-mJ2ud6oKI8/6.mp4,134a3a4ebbc423760133b0da0e90cfe84d75ea85df3968000afd84153c5d828d,827334f782b1f242c84ad944a657bc7f7c63643f71ae9c977811a3eecdd3ab33,2.257,-mJ2ud6oKI8___6.npz,72710,7d05152969646d41fa44207f76c408b9815af709c20a4a21f2df6a58f08b69c3,q1v2-feature-v1.0,2f9a7e731fd744f40638f1f66ba49efd67f3dae0b2a875dfd67389bcda423a36,5bde1d28afb363d0103324efeb5afc8b2b397fe5e04beabb9b1ef355255ade81,64184e229b263107bc2b804c6625db1341ff2bb731874b0bcc2fe6544e0bc9ff,ef451953badced2ed112ba4ffb997f9d2a7e7c444a09e8092665eadd9f24109e,5,218,67,67,2.2355666666666667,3,UNCERTAIN_REVIEW,word,word_partial,not_asserted,0,own_forced_alignment,q1v2_own_stable_ts_run,1,1,1,1,-1,1,1,1,1,5,5,3,2,0,5,3,3,1.0,0.85273492286115,0.0,2.228125,0.0,2.2355666666666667,0.0,2.228125
-mJ2ud6oKI8$_$8,-mJ2ud6oKI8,8,ordinary_median_duration_proxy,text|audio|vision,2e12bc73d35a01c69f16156d6cb6f845532fd8e0876dc09ff94424e559b52515,data/attachment1/E题数据/E题数据/附件1-数据集原始多模态样本/MOSEI数据集部分原始视频-100条/-mJ2ud6oKI8/8.mp4,6af6614c9838417a48c4817f4dd5bf1e6669eb5f78f983e9a68adc113fcdc7cc,827334f782b1f242c84ad944a657bc7f7c63643f71ae9c977811a3eecdd3ab33,4.192,-mJ2ud6oKI8___8.npz,120206,94752b33b184f0bfd0cde2d7cb324709bd008e6e7544f62a4a7d7727fd5c74f1,q1v2-feature-v1.0,2f9a7e731fd744f40638f1f66ba49efd67f3dae0b2a875dfd67389bcda423a36,5bde1d28afb363d0103324efeb5afc8b2b397fe5e04beabb9b1ef355255ade81,64184e229b263107bc2b804c6625db1341ff2bb731874b0bcc2fe6544e0bc9ff,ef451953badced2ed112ba4ffb997f9d2a7e7c444a09e8092665eadd9f24109e,11,413,125,125,4.171375,6,UNCERTAIN_REVIEW,word,word_partial,not_asserted,0,own_forced_alignment,q1v2_own_stable_ts_run,1,1,1,1,-1,1,1,1,1,11,11,6,5,0,11,6,6,1.0,0.8871128871128872,0.0,4.171375,0.0,4.170833333333333,0.0,4.170833333333333
-mJ2ud6oKI8$_$9,-mJ2ud6oKI8,9,ordinary_median_duration_proxy,text|audio|vision,765d339019d906539f8b80ef2a5d82081fafe052d9e525595c6bedb30d822753,data/attachment1/E题数据/E题数据/附件1-数据集原始多模态样本/MOSEI数据集部分原始视频-100条/-mJ2ud6oKI8/9.mp4,df3442f3ed8f894b507923e87e426ae9636790a4a502d00c350a215270cc3e47,827334f782b1f242c84ad944a657bc7f7c63643f71ae9c977811a3eecdd3ab33,7.033,-mJ2ud6oKI8___9.npz,189983,7e691fb9375cb2aec3fc07f08819aaeb55e1887e7849c147fc64d405caeae2a3,q1v2-feature-v1.0,2f9a7e731fd744f40638f1f66ba49efd67f3dae0b2a875dfd67389bcda423a36,5bde1d28afb363d0103324efeb5afc8b2b397fe5e04beabb9b1ef355255ade81,64184e229b263107bc2b804c6625db1341ff2bb731874b0bcc2fe6544e0bc9ff,ef451953badced2ed112ba4ffb997f9d2a7e7c444a09e8092665eadd9f24109e,22,686,208,207,7.007,6,UNCERTAIN_REVIEW,word,word_partial,not_asserted,0,own_forced_alignment,q1v2_own_stable_ts_run,1,1,1,1,-1,1,1,1,1,22,22,6,16,0,22,6,6,0.9951923076923077,0.825040709245522,0.0,6.90875,0.0,7.007,0.0,6.90875
-mqbVkbCndg$_$0,-mqbVkbCndg,0,ordinary_median_duration_proxy,text|audio|vision,d2ec71d71a32912fa5fbf0916e1ce4f1673086a766e20ca968e1233418e0ec5f,data/attachment1/E题数据/E题数据/附件1-数据集原始多模态样本/MOSEI数据集部分原始视频-100条/-mqbVkbCndg/0.mp4,cdeba953bba30907814acf72f3e35582dec263eaa25bdd922dad7fafe02e4dda,827334f782b1f242c84ad944a657bc7f7c63643f71ae9c977811a3eecdd3ab33,6.466667,-mqbVkbCndg___0.npz,159079,6a950d063faf9afb4e3a462940c59f176636c0d1dec274acb76ba96ff18bd8cc,q1v2-feature-v1.0,2f9a7e731fd744f40638f1f66ba49efd67f3dae0b2a875dfd67389bcda423a36,5bde1d28afb363d0103324efeb5afc8b2b397fe5e04beabb9b1ef355255ade81,64184e229b263107bc2b804c6625db1341ff2bb731874b0bcc2fe6544e0bc9ff,ef451953badced2ed112ba4ffb997f9d2a7e7c444a09e8092665eadd9f24109e,12,634,194,194,6.5,12,UNCERTAIN_REVIEW,word,word_valid,not_asserted,0,own_forced_alignment,q1v2_own_stable_ts_run,1,1,1,1,-1,1,1,1,1,12,12,12,0,0,12,12,12,1.0,0.8268733850129198,0.0,6.3855,0.0,6.5,0.0,6.3855
-qDkUB0GgYY$_$6,-qDkUB0GgYY,6,ordinary_median_duration_proxy,text|audio|vision,876a79155132e90b3394e7cb3977b04230ce528b35b0e739502dc5c27169e7e0,data/attachment1/E题数据/E题数据/附件1-数据集原始多模态样本/MOSEI数据集部分原始视频-100条/-qDkUB0GgYY/6.mp4,ab19bf4a761d3919b7113b1104ccaadbbf0c4e7b45694904d094280a2c329c8b,827334f782b1f242c84ad944a657bc7f7c63643f71ae9c977811a3eecdd3ab33,4.677995,-qDkUB0GgYY___6.npz,114577,c78a0c218b68c62bfa9f4862364180f3011abfba9df70d3275bd076ac0faebb2,q1v2-feature-v1.0,2f9a7e731fd744f40638f1f66ba49efd67f3dae0b2a875dfd67389bcda423a36,5bde1d28afb363d0103324efeb5afc8b2b397fe5e04beabb9b1ef355255ade81,64184e229b263107bc2b804c6625db1341ff2bb731874b0bcc2fe6544e0bc9ff,ef451953badced2ed112ba4ffb997f9d2a7e7c444a09e8092665eadd9f24109e,16,457,140,0,4.666666666666667,0,UNCERTAIN_REVIEW,word,word_partial,not_asserted,0,own_forced_alignment,q1v2_own_stable_ts_run,1,1,1,1,-1,1,1,0,0,16,16,15,1,0,16,15,0,0.0,0.6435972099952598,0.0,4.6146875,0.0,4.666666666666667,0.0,4.6146875
-ri04Z7vwnc$_$0,-ri04Z7vwnc,0,short_duration_proxy,text|audio|vision,67e24366653bb748973c629e8917b2d43c1a042a58c1a25055305cf96dd85d91,data/attachment1/E题数据/E题数据/附件1-数据集原始多模态样本/MOSEI数据集部分原始视频-100条/-ri04Z7vwnc/0.mp4,93021c70c8fad20ad3fded80e7fc790a2f9c96835de58a3b694c6906de42684b,827334f782b1f242c84ad944a657bc7f7c63643f71ae9c977811a3eecdd3ab33,2.807,-ri04Z7vwnc___0.npz,73990,26d8663e0362c2047f9a0c4bccd68051a33ca3b11979fdb67fc60f91306436e7,q1v2-feature-v1.0,2f9a7e731fd744f40638f1f66ba49efd67f3dae0b2a875dfd67389bcda423a36,5bde1d28afb363d0103324efeb5afc8b2b397fe5e04beabb9b1ef355255ade81,64184e229b263107bc2b804c6625db1341ff2bb731874b0bcc2fe6544e0bc9ff,ef451953badced2ed112ba4ffb997f9d2a7e7c444a09e8092665eadd9f24109e,8,272,67,0,2.7944666666666667,0,UNCERTAIN_REVIEW,clip,clip_only,not_asserted,0,none,q1v2_own_stable_ts_run,1,1,1,1,-1,1,1,0,0,8,8,0,8,0,8,0,0,0.0,0.0,0.0,2.76325,0.0,2.7944666666666667,0.0,2.76325
-ri04Z7vwnc$_$2,-ri04Z7vwnc,2,ordinary_median_duration_proxy,text|audio|vision,485fc16ed107188fbeebd37d539df40b7e66a174cb2f7a52991e1993cc5b9707,data/attachment1/E题数据/E题数据/附件1-数据集原始多模态样本/MOSEI数据集部分原始视频-100条/-ri04Z7vwnc/2.mp4,f5993ce3a6ee56298462c08692a96f78c7d914d7264257ed401de7d6e17fd148,827334f782b1f242c84ad944a657bc7f7c63643f71ae9c977811a3eecdd3ab33,6.027,-ri04Z7vwnc___2.npz,142173,73b6311cb25f0096ef024e22cf38c02103f537b9ba3a810b2ff852bd8f4a2991,q1v2-feature-v1.0,2f9a7e731fd744f40638f1f66ba49efd67f3dae0b2a875dfd67389bcda423a36,5bde1d28afb363d0103324efeb5afc8b2b397fe5e04beabb9b1ef355255ade81,64184e229b263107bc2b804c6625db1341ff2bb731874b0bcc2fe6544e0bc9ff,ef451953badced2ed112ba4ffb997f9d2a7e7c444a09e8092665eadd9f24109e,16,587,143,50,6.005988888888888,6,UNCERTAIN_REVIEW,word,word_partial,not_asserted,0,own_forced_alignment,q1v2_own_stable_ts_run,1,1,1,1,-1,1,1,1,1,16,16,6,10,0,16,6,6,0.34965034965034963,0.39233094468049123,0.0,5.913375,0.0,6.005988888888888,0.0,5.913375
-ri04Z7vwnc$_$5,-ri04Z7vwnc,5,short_duration_proxy,text|audio|vision,b65c73ef4a0f7b9c2d61b5b240b4e1bf4faabd5bcaf23f266dee97618c4c4cb0,data/attachment1/E题数据/E题数据/附件1-数据集原始多模态样本/MOSEI数据集部分原始视频-100条/-ri04Z7vwnc/5.mp4,2a5e4319bf592a18c8eb5117f7c7ec30c6c79528f9eac9fe4fb85bf70f277736,827334f782b1f242c84ad944a657bc7f7c63643f71ae9c977811a3eecdd3ab33,3.545,-ri04Z7vwnc___5.npz,97451,31d18306b8955ca3b3450ba82f3c310f1ad3400f1630572fd1027ca449e6d89c,q1v2-feature-v1.0,2f9a7e731fd744f40638f1f66ba49efd67f3dae0b2a875dfd67389bcda423a36,5bde1d28afb363d0103324efeb5afc8b2b397fe5e04beabb9b1ef355255ade81,64184e229b263107bc2b804c6625db1341ff2bb731874b0bcc2fe6544e0bc9ff,ef451953badced2ed112ba4ffb997f9d2a7e7c444a09e8092665eadd9f24109e,8,339,83,83,3.5035000000000003,3,UNCERTAIN_REVIEW,word,word_partial,not_asserted,0,own_forced_alignment,q1v2_own_stable_ts_run,1,1,1,1,-1,1,1,1,1,8,8,3,5,0,8,3,3,1.0,0.29071880223853475,0.0,3.43975,0.0,3.5035000000000003,0.0,3.43975
-s9qJ7ATP7w$_$0,-s9qJ7ATP7w,0,ordinary_median_duration_proxy,text|audio|vision,826689db331adffd405a7e2ad84f6ca24ec97d2a9c5a0293eedef5941783b672,data/attachment1/E题数据/E题数据/附件1-数据集原始多模态样本/MOSEI数据集部分原始视频-100条/-s9qJ7ATP7w/0.mp4,f2324dbc6debe0d1e4254e6f943523373e3cbb30d8d0555413ce3a7b370a4af5,827334f782b1f242c84ad944a657bc7f7c63643f71ae9c977811a3eecdd3ab33,6.8,-s9qJ7ATP7w___0.npz,202515,edcbe1a4cfc2f3ad67970dc660c7e92d4276afbeef95463b52679d19f0de8109,q1v2-feature-v1.0,2f9a7e731fd744f40638f1f66ba49efd67f3dae0b2a875dfd67389bcda423a36,5bde1d28afb363d0103324efeb5afc8b2b397fe5e04beabb9b1ef355255ade81,64184e229b263107bc2b804c6625db1341ff2bb731874b0bcc2fe6544e0bc9ff,ef451953badced2ed112ba4ffb997f9d2a7e7c444a09e8092665eadd9f24109e,24,667,204,204,6.866666666666666,18,UNCERTAIN_REVIEW,word,word_partial,not_asserted,0,own_forced_alignment,q1v2_own_stable_ts_run,1,1,1,1,-1,1,1,1,1,24,24,18,6,0,24,18,18,1.0,0.8404660563104808,0.0,6.7105625,0.0,6.866666666666666,0.0,6.7105625
-s9qJ7ATP7w$_$1,-s9qJ7ATP7w,1,ordinary_median_duration_proxy,text|audio|vision,8f6128c866cc3d5d668326149631575f43e8832d0037a251401a6c48a46cd6ed,data/attachment1/E题数据/E题数据/附件1-数据集原始多模态样本/MOSEI数据集部分原始视频-100条/-s9qJ7ATP7w/1.mp4,a33e8f82a185bcb7648b523927308cdc2142e3076479ba2b45cd0e828636fc09,827334f782b1f242c84ad944a657bc7f7c63643f71ae9c977811a3eecdd3ab33,4.791992,-s9qJ7ATP7w___1.npz,127069,e75f9dabf5aad5e6b1a92ab98096d6f73f2444b6123500ce66a7ea07b31f39a5,q1v2-feature-v1.0,2f9a7e731fd744f40638f1f66ba49efd67f3dae0b2a875dfd67389bcda423a36,5bde1d28afb363d0103324efeb5afc8b2b397fe5e04beabb9b1ef355255ade81,64184e229b263107bc2b804c6625db1341ff2bb731874b0bcc2fe6544e0bc9ff,ef451953badced2ed112ba4ffb997f9d2a7e7c444a09e8092665eadd9f24109e,11,460,140,140,4.766666666666667,9,UNCERTAIN_REVIEW,word,word_valid,not_asserted,0,own_forced_alignment,q1v2_own_stable_ts_run,1,1,1,1,-1,1,1,1,1,11,11,11,0,0,11,11,9,1.0,0.5986460478324652,0.0,4.6438125,0.0,4.766666666666667,0.0,4.6438125
-s9qJ7ATP7w$_$4,-s9qJ7ATP7w,4,ordinary_median_duration_proxy,text|audio|vision,bf8e68db5decfd6cc6a296b6464a35fddb9bd64d99bdfb4fd9d0ec6e71474f9e,data/attachment1/E题数据/E题数据/附件1-数据集原始多模态样本/MOSEI数据集部分原始视频-100条/-s9qJ7ATP7w/4.mp4,76e0672ffce5857a789b41fb10606402f7da58c33579b1032a8282f86fb35bc9,827334f782b1f242c84ad944a657bc7f7c63643f71ae9c977811a3eecdd3ab33,4.427018,-s9qJ7ATP7w___4.npz,107061,cf817d2183dd99f5abaec0ebad46da0a683c15148750910d6042d541f2ab41e4,q1v2-feature-v1.0,2f9a7e731fd744f40638f1f66ba49efd67f3dae0b2a875dfd67389bcda423a36,5bde1d28afb363d0103324efeb5afc8b2b397fe5e04beabb9b1ef355255ade81,64184e229b263107bc2b804c6625db1341ff2bb731874b0bcc2fe6544e0bc9ff,ef451953badced2ed112ba4ffb997f9d2a7e7c444a09e8092665eadd9f24109e,9,420,129,85,4.3999999999999995,6,UNCERTAIN_REVIEW,word,word_valid,not_asserted,0,own_forced_alignment,q1v2_own_stable_ts_run,1,1,1,1,-1,1,1,1,1,9,9,9,0,0,9,9,6,0.6589147286821705,0.7016924208977189,0.0,4.246875,0.0,4.3999999999999995,0.0,4.246875
-s9qJ7ATP7w$_$5,-s9qJ7ATP7w,5,ordinary_median_duration_proxy,text|audio|vision,e87c80d3bcdd80b34495c33e4cfdfb0de445d9ef44f28d5be83cda2335803a7d,data/attachment1/E题数据/E题数据/附件1-数据集原始多模态样本/MOSEI数据集部分原始视频-100条/-s9qJ7ATP7w/5.mp4,bd35eb8de64ce1f8b27921294598f7cf5bb971255738f51d06458c7096c58eae,827334f782b1f242c84ad944a657bc7f7c63643f71ae9c977811a3eecdd3ab33,8.561003,-s9qJ7ATP7w___5.npz,213493,eef0b552a98fff55577d4c605c6a9974e267d6e14fbb39303657a5a17f5d1200,q1v2-feature-v1.0,2f9a7e731fd744f40638f1f66ba49efd67f3dae0b2a875dfd67389bcda423a36,5bde1d28afb363d0103324efeb5afc8b2b397fe5e04beabb9b1ef355255ade81,64184e229b263107bc2b804c6625db1341ff2bb731874b0bcc2fe6544e0bc9ff,ef451953badced2ed112ba4ffb997f9d2a7e7c444a09e8092665eadd9f24109e,19,835,253,253,8.533333333333333,19,UNCERTAIN_REVIEW,word,word_valid,not_asserted,0,own_forced_alignment,q1v2_own_stable_ts_run,1,1,1,1,-1,1,1,1,1,19,19,19,0,0,19,19,19,1.0,0.8835568521798667,0.0,8.397875,0.0,8.533333333333333,0.0,8.397875
-s9qJ7ATP7w$_$6,-s9qJ7ATP7w,6,short_duration_proxy,text|audio|vision,3ef0a00613818cf80e75e69aa518af01a331f1a71668609e052f9e13ff22e9e7,data/attachment1/E题数据/E题数据/附件1-数据集原始多模态样本/MOSEI数据集部分原始视频-100条/-s9qJ7ATP7w/6.mp4,40b684fd1b4559f0f82e72f9b47f4ce7c5e15059fe8d0d8ab112637cd3386451,827334f782b1f242c84ad944a657bc7f7c63643f71ae9c977811a3eecdd3ab33,2.475,-s9qJ7ATP7w___6.npz,70540,35dc3e461479278a3f20b2e810f711809b9ba577baa0fb50b37098e1111958f8,q1v2-feature-v1.0,2f9a7e731fd744f40638f1f66ba49efd67f3dae0b2a875dfd67389bcda423a36,5bde1d28afb363d0103324efeb5afc8b2b397fe5e04beabb9b1ef355255ade81,64184e229b263107bc2b804c6625db1341ff2bb731874b0bcc2fe6544e0bc9ff,ef451953badced2ed112ba4ffb997f9d2a7e7c444a09e8092665eadd9f24109e,5,227,71,59,2.4666666666666663,5,UNCERTAIN_REVIEW,word,word_valid,not_asserted,0,own_forced_alignment,q1v2_own_stable_ts_run,1,1,1,1,-1,1,1,1,1,5,5,5,0,0,5,5,5,0.8309859154929577,0.6220806220806221,0.0,2.3148125,0.0,2.4666666666666663,0.0,2.3148125
-s9qJ7ATP7w$_$7,-s9qJ7ATP7w,7,ordinary_median_duration_proxy,text|audio|vision,8455bf2ef7c23cdb49c5994385fcd2669f840a4e4916d7c2b85b19b93780bc1d,data/attachment1/E题数据/E题数据/附件1-数据集原始多模态样本/MOSEI数据集部分原始视频-100条/-s9qJ7ATP7w/7.mp4,5301f4403cf7cd299cc525d2f443392ac70fd70c3c9cd4a09406f2ba4df6734d,827334f782b1f242c84ad944a657bc7f7c63643f71ae9c977811a3eecdd3ab33,6.966016,-s9qJ7ATP7w___7.npz,194335,751bf5fd1f22839b4937cf567bcbe9cfb130d6b0c4e6bbfcea0ea03160046635,q1v2-feature-v1.0,2f9a7e731fd744f40638f1f66ba49efd67f3dae0b2a875dfd67389bcda423a36,5bde1d28afb363d0103324efeb5afc8b2b397fe5e04beabb9b1ef355255ade81,64184e229b263107bc2b804c6625db1341ff2bb731874b0bcc2fe6544e0bc9ff,ef451953badced2ed112ba4ffb997f9d2a7e7c444a09e8092665eadd9f24109e,28,679,207,118,6.933333333333334,14,UNCERTAIN_REVIEW,word,word_partial,not_asserted,0,own_forced_alignment,q1v2_own_stable_ts_run,1,1,1,1,-1,1,1,1,1,28,28,26,2,0,28,26,14,0.5700483091787439,0.6960527157571491,0.0,6.8385625,0.0,6.933333333333334,0.0,6.8385625
-s9qJ7ATP7w$_$8,-s9qJ7ATP7w,8,short_duration_proxy,text|audio|vision,1b4d1af90ee59ff7239ce2e1b9dab817057f7d976e56958fd75923318dec442f,data/attachment1/E题数据/E题数据/附件1-数据集原始多模态样本/MOSEI数据集部分原始视频-100条/-s9qJ7ATP7w/8.mp4,1de4d91bd9d9fb508a3779658747da88460db0bdb1beefe7ea5b2c77edfd2239,827334f782b1f242c84ad944a657bc7f7c63643f71ae9c977811a3eecdd3ab33,3.294987,-s9qJ7ATP7w___8.npz,110852,f699839ef8c6db08838ca338dc7d5af9451fd9c07dca61d83f2704c63ab28a2b,q1v2-feature-v1.0,2f9a7e731fd744f40638f1f66ba49efd67f3dae0b2a875dfd67389bcda423a36,5bde1d28afb363d0103324efeb5afc8b2b397fe5e04beabb9b1ef355255ade81,64184e229b263107bc2b804c6625db1341ff2bb731874b0bcc2fe6544e0bc9ff,ef451953badced2ed112ba4ffb997f9d2a7e7c444a09e8092665eadd9f24109e,12,314,97,95,3.2666666666666666,12,UNCERTAIN_REVIEW,word,word_valid,not_asserted,0,own_forced_alignment,q1v2_own_stable_ts_run,1,1,1,1,-1,1,1,1,1,12,12,12,0,0,12,12,12,0.979381443298969,0.5809845332495879,0.0,3.18425,0.0,3.2666666666666666,0.0,3.18425
-t217m2on-s$_$2,-t217m2on-s,2,ordinary_median_duration_proxy,text|audio|vision,09793b16c6e1b6b44ada9e79a3636bf42ba37ffe83e6a98739e10c49dfb52fb0,data/attachment1/E题数据/E题数据/附件1-数据集原始多模态样本/MOSEI数据集部分原始视频-100条/-t217m2on-s/2.mp4,6713a983112173204502dc5adbb886bc6c38554b4627698611931420c47663a8,827334f782b1f242c84ad944a657bc7f7c63643f71ae9c977811a3eecdd3ab33,5.686003,-t217m2on-s___2.npz,148515,d7fa0dd1aa1a8e85465e844df7fd4635d140d40d0ea86cd0a9e5ad659d8d666c,q1v2-feature-v1.0,2f9a7e731fd744f40638f1f66ba49efd67f3dae0b2a875dfd67389bcda423a36,5bde1d28afb363d0103324efeb5afc8b2b397fe5e04beabb9b1ef355255ade81,64184e229b263107bc2b804c6625db1341ff2bb731874b0bcc2fe6544e0bc9ff,ef451953badced2ed112ba4ffb997f9d2a7e7c444a09e8092665eadd9f24109e,12,559,170,170,5.666666666666667,12,UNCERTAIN_REVIEW,word,word_valid,not_asserted,0,own_forced_alignment,q1v2_own_stable_ts_run,1,1,1,1,-1,1,1,1,1,12,12,12,0,0,12,12,12,1.0,0.6287534828991042,0.0,5.6301875,0.0,5.666666666666667,0.0,5.6301875
-t217m2on-s$_$7,-t217m2on-s,7,long_duration_proxy,text|audio|vision,5b422b896fda787c86ddf5d5df10dd0f8f704ac91bf5848f0abc5d1895bac110,data/attachment1/E题数据/E题数据/附件1-数据集原始多模态样本/MOSEI数据集部分原始视频-100条/-t217m2on-s/7.mp4,41c76b8a733ecb780d56348f55d00f0ba0c07f44f46e93044e62d876710180b7,827334f782b1f242c84ad944a657bc7f7c63643f71ae9c977811a3eecdd3ab33,17.183008,-t217m2on-s___7.npz,427549,38cbc8dd9cfcc7903cfacb813bb74cd2013597a9cdf584c3e0b9fe0005e2a17a,q1v2-feature-v1.0,2f9a7e731fd744f40638f1f66ba49efd67f3dae0b2a875dfd67389bcda423a36,5bde1d28afb363d0103324efeb5afc8b2b397fe5e04beabb9b1ef355255ade81,64184e229b263107bc2b804c6625db1341ff2bb731874b0bcc2fe6544e0bc9ff,ef451953badced2ed112ba4ffb997f9d2a7e7c444a09e8092665eadd9f24109e,45,1698,512,512,17.166666666666668,44,UNCERTAIN_REVIEW,word,word_partial,not_asserted,0,own_forced_alignment,q1v2_own_stable_ts_run,1,1,1,1,-1,1,1,1,1,45,45,44,1,0,45,44,44,1.0,0.7823156720088686,0.0,17.026375,0.0,17.166666666666668,0.0,17.026375
-tANM6ETl_M$_$3,-tANM6ETl_M,3,ordinary_median_duration_proxy,text|audio|vision,d0f8beb9e36254b4a7b32872ec3956aa92d44589400f7a4f15af8da5549a015c,data/attachment1/E题数据/E题数据/附件1-数据集原始多模态样本/MOSEI数据集部分原始视频-100条/-tANM6ETl_M/3.mp4,6d3af064c060dad3816a9e1dfa00101faebd8b7da7d8ceea85b0bc0fca70abd6,827334f782b1f242c84ad944a657bc7f7c63643f71ae9c977811a3eecdd3ab33,6.758008,-tANM6ETl_M___3.npz,197945,ad509fa28a09faccd1f699d7bcbc9014a88fd7e94cc31ca630dbe47f5391fcf9,q1v2-feature-v1.0,2f9a7e731fd744f40638f1f66ba49efd67f3dae0b2a875dfd67389bcda423a36,5bde1d28afb363d0103324efeb5afc8b2b397fe5e04beabb9b1ef355255ade81,64184e229b263107bc2b804c6625db1341ff2bb731874b0bcc2fe6544e0bc9ff,ef451953badced2ed112ba4ffb997f9d2a7e7c444a09e8092665eadd9f24109e,22,656,200,198,6.733333333333333,21,UNCERTAIN_REVIEW,word,word_partial,not_asserted,0,own_forced_alignment,q1v2_own_stable_ts_run,1,1,1,1,-1,1,1,1,1,22,22,21,1,0,22,21,21,0.99,0.808646765980806,0.0,6.603625,0.0,6.733333333333333,0.0,6.603625
-tPCytz4rww$_$10,-tPCytz4rww,10,ordinary_median_duration_proxy,text|audio|vision,c54b57e82c1769ce9a038b3d3ad3a81964c222e375792134fe3ea321c0db43b1,data/attachment1/E题数据/E题数据/附件1-数据集原始多模态样本/MOSEI数据集部分原始视频-100条/-tPCytz4rww/10.mp4,758183192cbd5f0f20823d26ece3ddee40dec0aadec35247b2495510a53f52f8,827334f782b1f242c84ad944a657bc7f7c63643f71ae9c977811a3eecdd3ab33,4.788997,-tPCytz4rww___10.npz,132806,438936e595bdcd4ffbee5b7c32a1f6236ea8894e050d264e2d6323976edaf773,q1v2-feature-v1.0,2f9a7e731fd744f40638f1f66ba49efd67f3dae0b2a875dfd67389bcda423a36,5bde1d28afb363d0103324efeb5afc8b2b397fe5e04beabb9b1ef355255ade81,64184e229b263107bc2b804c6625db1341ff2bb731874b0bcc2fe6544e0bc9ff,ef451953badced2ed112ba4ffb997f9d2a7e7c444a09e8092665eadd9f24109e,12,463,142,142,4.766666666666667,12,UNCERTAIN_REVIEW,word,word_valid,not_asserted,0,own_forced_alignment,q1v2_own_stable_ts_run,1,1,1,1,-1,1,1,1,1,12,12,12,0,0,12,12,12,1.0,0.7288174082633146,0.0,4.6788125,0.0,4.766666666666667,0.0,4.6788125
-tPCytz4rww$_$11,-tPCytz4rww,11,ordinary_median_duration_proxy,text|audio|vision,08095db71ec8c8631236facd96a7cac07ab7ed0ff853867cebefb7e96358253a,data/attachment1/E题数据/E题数据/附件1-数据集原始多模态样本/MOSEI数据集部分原始视频-100条/-tPCytz4rww/11.mp4,6dc09d02467baaef67594ff32cffb01f8ed1565cda4c5abd161b8261a51e2e5d,827334f782b1f242c84ad944a657bc7f7c63643f71ae9c977811a3eecdd3ab33,5.466992,-tPCytz4rww___11.npz,163260,24ac58eb5e4aa307aafc20d51ddb9b5c3a3304fbd2dab5b9c50b5dbc17c2497a,q1v2-feature-v1.0,2f9a7e731fd744f40638f1f66ba49efd67f3dae0b2a875dfd67389bcda423a36,5bde1d28afb363d0103324efeb5afc8b2b397fe5e04beabb9b1ef355255ade81,64184e229b263107bc2b804c6625db1341ff2bb731874b0bcc2fe6544e0bc9ff,ef451953badced2ed112ba4ffb997f9d2a7e7c444a09e8092665eadd9f24109e,17,533,164,164,5.466666666666667,16,UNCERTAIN_REVIEW,word,word_valid,not_asserted,0,own_forced_alignment,q1v2_own_stable_ts_run,1,1,1,1,-1,1,1,1,1,17,17,17,0,0,17,17,16,1.0,0.6637461217565102,0.0,5.3785625,0.0,5.466666666666667,0.0,5.3785625
-tPCytz4rww$_$12,-tPCytz4rww,12,ordinary_median_duration_proxy,text|audio|vision,935dc7e6e8455bd1acb4066d756b9a009ef0b12339458c64be18674d50b101cf,data/attachment1/E题数据/E题数据/附件1-数据集原始多模态样本/MOSEI数据集部分原始视频-100条/-tPCytz4rww/12.mp4,e3c7f9cd67ad2d20fef997696dc278361f97f027db58762e22104e5720d509d5,827334f782b1f242c84ad944a657bc7f7c63643f71ae9c977811a3eecdd3ab33,11.863997,-tPCytz4rww___12.npz,285617,8e52fdf79f914c1ea7d691ebdf9710376967d2d118d722140c4492f7a0f6c6f5,q1v2-feature-v1.0,2f9a7e731fd744f40638f1f66ba49efd67f3dae0b2a875dfd67389bcda423a36,5bde1d28afb363d0103324efeb5afc8b2b397fe5e04beabb9b1ef355255ade81,64184e229b263107bc2b804c6625db1341ff2bb731874b0bcc2fe6544e0bc9ff,ef451953badced2ed112ba4ffb997f9d2a7e7c444a09e8092665eadd9f24109e,26,1169,353,353,11.833333333333334,26,UNCERTAIN_REVIEW,word,word_valid,not_asserted,0,own_forced_alignment,q1v2_own_stable_ts_run,1,1,1,1,-1,1,1,1,1,26,26,26,0,0,26,26,26,1.0,0.6986936771417463,0.0,11.7361875,0.0,11.833333333333334,0.0,11.7361875
-tPCytz4rww$_$16,-tPCytz4rww,16,ordinary_median_duration_proxy,text|audio|vision,06d8880f7151da8278664f4dcafe60368bba0a01955b6b9a8c9f5a688372e695,data/attachment1/E题数据/E题数据/附件1-数据集原始多模态样本/MOSEI数据集部分原始视频-100条/-tPCytz4rww/16.mp4,8b3f82f9628792eebaf8c227becc2ebeba59bb8abb668bcca86e07fb1a992a93,827334f782b1f242c84ad944a657bc7f7c63643f71ae9c977811a3eecdd3ab33,7.20599,-tPCytz4rww___16.npz,182881,cfa347c8d15a56955fee3a7612d233f5810548bd6dc8cdee76125166fb1eae66,q1v2-feature-v1.0,2f9a7e731fd744f40638f1f66ba49efd67f3dae0b2a875dfd67389bcda423a36,5bde1d28afb363d0103324efeb5afc8b2b397fe5e04beabb9b1ef355255ade81,64184e229b263107bc2b804c6625db1341ff2bb731874b0bcc2fe6544e0bc9ff,ef451953badced2ed112ba4ffb997f9d2a7e7c444a09e8092665eadd9f24109e,16,709,216,216,7.2,16,UNCERTAIN_REVIEW,word,word_valid,not_asserted,0,own_forced_alignment,q1v2_own_stable_ts_run,1,1,1,1,-1,1,1,1,1,16,16,16,0,0,16,16,16,1.0,0.7535871554010871,0.0,7.1391875,0.0,7.2,0.0,7.1391875
-tPCytz4rww$_$18,-tPCytz4rww,18,ordinary_median_duration_proxy,text|audio|vision,0213c1bbbdbbb60fb70172c4e6d51aeb74a7205151d2d798b7c96667d414c722,data/attachment1/E题数据/E题数据/附件1-数据集原始多模态样本/MOSEI数据集部分原始视频-100条/-tPCytz4rww/18.mp4,eece70451e9c37a4b5f375bf646f66e09113fe3467f35bf1720cc14d986c1776,827334f782b1f242c84ad944a657bc7f7c63643f71ae9c977811a3eecdd3ab33,6.644987,-tPCytz4rww___18.npz,177137,64c03a0f1cb63d7aceb082e7991dab118fa4a9b4eac0c002d293e0fa92d1ebdf,q1v2-feature-v1.0,2f9a7e731fd744f40638f1f66ba49efd67f3dae0b2a875dfd67389bcda423a36,5bde1d28afb363d0103324efeb5afc8b2b397fe5e04beabb9b1ef355255ade81,64184e229b263107bc2b804c6625db1341ff2bb731874b0bcc2fe6544e0bc9ff,ef451953badced2ed112ba4ffb997f9d2a7e7c444a09e8092665eadd9f24109e,16,652,199,199,6.633333333333333,16,UNCERTAIN_REVIEW,word,word_valid,not_asserted,0,own_forced_alignment,q1v2_own_stable_ts_run,1,1,1,1,-1,1,1,1,1,16,16,16,0,0,16,16,16,1.0,0.7596502411965633,0.0,6.5688125,0.0,6.633333333333333,0.0,6.5688125
-uywlfIYOS8$_$4,-uywlfIYOS8,4,ordinary_median_duration_proxy,text|audio|vision,d737909b534cfe89b07541f89d3ecb1b7e97f805ba1dfc1962ea3c475b97a063,data/attachment1/E题数据/E题数据/附件1-数据集原始多模态样本/MOSEI数据集部分原始视频-100条/-uywlfIYOS8/4.mp4,fde46f5222cf5cfec7af9c93214c972ce2d686b0bf9c90a291021601968986f9,827334f782b1f242c84ad944a657bc7f7c63643f71ae9c977811a3eecdd3ab33,6.044987,-uywlfIYOS8___4.npz,174867,898180922aef00b01e9b6268df28c329d7537299945a2d4a61095b1cdc375dd9,q1v2-feature-v1.0,2f9a7e731fd744f40638f1f66ba49efd67f3dae0b2a875dfd67389bcda423a36,5bde1d28afb363d0103324efeb5afc8b2b397fe5e04beabb9b1ef355255ade81,64184e229b263107bc2b804c6625db1341ff2bb731874b0bcc2fe6544e0bc9ff,ef451953badced2ed112ba4ffb997f9d2a7e7c444a09e8092665eadd9f24109e,18,584,179,179,6.033333333333333,17,UNCERTAIN_REVIEW,word,word_partial,not_asserted,0,own_forced_alignment,q1v2_own_stable_ts_run,1,1,1,1,-1,1,1,1,1,18,18,17,1,0,18,17,17,1.0,0.8008671810240388,0.0,5.881125,0.0,6.033333333333333,0.0,5.881125
-vxjVxOeScU$_$4,-vxjVxOeScU,4,ordinary_median_duration_proxy,text|audio|vision,663559f09b501b1f8f041ae288e9e3ccc4fda3bace7c391d86afcff32386cc08,data/attachment1/E题数据/E题数据/附件1-数据集原始多模态样本/MOSEI数据集部分原始视频-100条/-vxjVxOeScU/4.mp4,00282df9a314394f19d616d561bd1916d1d30dca4c814dfb43630ca164f4c719,827334f782b1f242c84ad944a657bc7f7c63643f71ae9c977811a3eecdd3ab33,9.127018,-vxjVxOeScU___4.npz,233058,235a8128f97cffdbd921b798664ea5eefae40a1b86aa0e0938ebb16b516a699e,q1v2-feature-v1.0,2f9a7e731fd744f40638f1f66ba49efd67f3dae0b2a875dfd67389bcda423a36,5bde1d28afb363d0103324efeb5afc8b2b397fe5e04beabb9b1ef355255ade81,64184e229b263107bc2b804c6625db1341ff2bb731874b0bcc2fe6544e0bc9ff,ef451953badced2ed112ba4ffb997f9d2a7e7c444a09e8092665eadd9f24109e,21,899,272,272,9.1,20,UNCERTAIN_REVIEW,word,word_partial,not_asserted,0,own_forced_alignment,q1v2_own_stable_ts_run,1,1,1,1,-1,1,1,1,1,21,21,20,1,0,21,20,20,1.0,0.7513503419944257,0.0,9.0370625,0.0,9.1,0.0,9.0370625
-wMB_hJL-3o$_$7,-wMB_hJL-3o,7,ordinary_median_duration_proxy,text|audio|vision,092fd4485c2e7d5d4e7bdadaec522461a3f5fa45af4a148441d44ae495c3f238,data/attachment1/E题数据/E题数据/附件1-数据集原始多模态样本/MOSEI数据集部分原始视频-100条/-wMB_hJL-3o/7.mp4,04a73d73fd150b07edab8e652fd14c9cb4a0f6e017ea97b17e8146e377b9fae7,827334f782b1f242c84ad944a657bc7f7c63643f71ae9c977811a3eecdd3ab33,6.04401,-wMB_hJL-3o___7.npz,185970,df58aa7b3e81a8ae605f00d3f21cb02352a057e954e4160db41fd8b778dc2f59,q1v2-feature-v1.0,2f9a7e731fd744f40638f1f66ba49efd67f3dae0b2a875dfd67389bcda423a36,5bde1d28afb363d0103324efeb5afc8b2b397fe5e04beabb9b1ef355255ade81,64184e229b263107bc2b804c6625db1341ff2bb731874b0bcc2fe6544e0bc9ff,ef451953badced2ed112ba4ffb997f9d2a7e7c444a09e8092665eadd9f24109e,22,593,181,176,6.033333333333333,22,UNCERTAIN_REVIEW,word,word_valid,not_asserted,0,own_forced_alignment,q1v2_own_stable_ts_run,1,1,1,1,-1,1,1,1,1,22,22,22,0,0,22,22,22,0.9723756906077348,0.7831898670627242,0.0,5.9755625,0.0,6.033333333333333,0.0,5.9755625
-wny0OAz3g8$_$0,-wny0OAz3g8,0,short_duration_proxy,text|audio|vision,fc637fb7e309729db1c10e9b2ec896a95f87238560df6594154a54550c85e49e,data/attachment1/E题数据/E题数据/附件1-数据集原始多模态样本/MOSEI数据集部分原始视频-100条/-wny0OAz3g8/0.mp4,1cc21b4432e2f4b592284ee40558a18acc7d208019117aebdb2f6a1b67ea198d,827334f782b1f242c84ad944a657bc7f7c63643f71ae9c977811a3eecdd3ab33,3.333333,-wny0OAz3g8___0.npz,101345,e0ba12ad76d50bbf68f0b5d8e5e2103cd7d725e528e9409f52f8dce927c5a859,q1v2-feature-v1.0,2f9a7e731fd744f40638f1f66ba49efd67f3dae0b2a875dfd67389bcda423a36,5bde1d28afb363d0103324efeb5afc8b2b397fe5e04beabb9b1ef355255ade81,64184e229b263107bc2b804c6625db1341ff2bb731874b0bcc2fe6544e0bc9ff,ef451953badced2ed112ba4ffb997f9d2a7e7c444a09e8092665eadd9f24109e,9,323,100,83,3.333333333333333,9,UNCERTAIN_REVIEW,word,word_valid,not_asserted,0,own_forced_alignment,q1v2_own_stable_ts_run,1,1,1,1,-1,1,1,1,1,9,9,9,0,0,9,9,9,0.83,0.7147220525351253,0.0,3.274,0.0,3.333333333333333,0.0,3.274
-wny0OAz3g8$_$1,-wny0OAz3g8,1,ordinary_median_duration_proxy,text|audio|vision,4811dd2512e12a41704b25c37961cd00ee1857e5083a2f5c69d999b68ae96b13,data/attachment1/E题数据/E题数据/附件1-数据集原始多模态样本/MOSEI数据集部分原始视频-100条/-wny0OAz3g8/1.mp4,c5535859f129ce04da5f5b5104d02d4168057b9d947a5349d423278ad4f3d8e8,827334f782b1f242c84ad944a657bc7f7c63643f71ae9c977811a3eecdd3ab33,6.84401,-wny0OAz3g8___1.npz,183974,2b5925cd94588d500113e5df37746c653eec222436c66f3de0f5e9f791c54a41,q1v2-feature-v1.0,2f9a7e731fd744f40638f1f66ba49efd67f3dae0b2a875dfd67389bcda423a36,5bde1d28afb363d0103324efeb5afc8b2b397fe5e04beabb9b1ef355255ade81,64184e229b263107bc2b804c6625db1341ff2bb731874b0bcc2fe6544e0bc9ff,ef451953badced2ed112ba4ffb997f9d2a7e7c444a09e8092665eadd9f24109e,22,673,205,131,6.833333333333333,13,UNCERTAIN_REVIEW,word,word_partial,not_asserted,0,own_forced_alignment,q1v2_own_stable_ts_run,1,1,1,1,-1,1,1,1,1,22,23,21,1,0,22,21,13,0.6390243902439025,0.8647452155868111,0.0,6.7765625,0.0,6.833333333333333,0.0,6.7765625
-wny0OAz3g8$_$2,-wny0OAz3g8,2,ordinary_median_duration_proxy,text|audio|vision,15562d374fc676ee0cb47bfe1b8bc536a34dd1fe30681b6507be3cdff47a08d3,data/attachment1/E题数据/E题数据/附件1-数据集原始多模态样本/MOSEI数据集部分原始视频-100条/-wny0OAz3g8/2.mp4,1825fb37db2e914fb616cd80aebd613afd873eecb7edd4d0b53158bfda0e522a,827334f782b1f242c84ad944a657bc7f7c63643f71ae9c977811a3eecdd3ab33,6.686979,-wny0OAz3g8___2.npz,195292,6c067f0068cb3cc2ee67497670ab7b4de04fad6c99ba1aaf02ef508a73d831ea,q1v2-feature-v1.0,2f9a7e731fd744f40638f1f66ba49efd67f3dae0b2a875dfd67389bcda423a36,5bde1d28afb363d0103324efeb5afc8b2b397fe5e04beabb9b1ef355255ade81,64184e229b263107bc2b804c6625db1341ff2bb731874b0bcc2fe6544e0bc9ff,ef451953badced2ed112ba4ffb997f9d2a7e7c444a09e8092665eadd9f24109e,23,648,197,164,6.666666666666667,22,UNCERTAIN_REVIEW,word,word_partial,not_asserted,0,own_forced_alignment,q1v2_own_stable_ts_run,1,1,1,1,-1,1,1,1,1,23,23,22,1,0,23,22,22,0.8324873096446701,0.7435585408621831,0.0,6.5226875,0.0,6.666666666666667,0.0,6.5226875
-wny0OAz3g8$_$3,-wny0OAz3g8,3,ordinary_median_duration_proxy,text|audio|vision,55e3d9778d6c54ba0e345c732f64ab71f89a40e8b4ba4cc95c00fd1ef14d20b4,data/attachment1/E题数据/E题数据/附件1-数据集原始多模态样本/MOSEI数据集部分原始视频-100条/-wny0OAz3g8/3.mp4,ea917c506bc9fa39460f2b722f7c416f646312bb17cd74baa618905b54837bce,827334f782b1f242c84ad944a657bc7f7c63643f71ae9c977811a3eecdd3ab33,6.146029,-wny0OAz3g8___3.npz,172099,e5f0bace58e8c2b2471bb8b9a65d946deb95e79cebec2ea6dfb068c3da97b682,q1v2-feature-v1.0,2f9a7e731fd744f40638f1f66ba49efd67f3dae0b2a875dfd67389bcda423a36,5bde1d28afb363d0103324efeb5afc8b2b397fe5e04beabb9b1ef355255ade81,64184e229b263107bc2b804c6625db1341ff2bb731874b0bcc2fe6544e0bc9ff,ef451953badced2ed112ba4ffb997f9d2a7e7c444a09e8092665eadd9f24109e,20,605,184,123,6.133333333333333,12,UNCERTAIN_REVIEW,word,word_valid,not_asserted,0,own_forced_alignment,q1v2_own_stable_ts_run,1,1,1,1,-1,1,1,1,1,20,20,20,0,0,20,20,12,0.6684782608695652,0.9016578208569846,0.0,6.099875,0.0,6.133333333333333,0.0,6.099875
-wny0OAz3g8$_$5,-wny0OAz3g8,5,ordinary_median_duration_proxy,text|audio|vision,9c9828dcb91f8e3532d0e3dc66c88e52ac47eec14eefc5ea54e1f0ad0894e7ed,data/attachment1/E题数据/E题数据/附件1-数据集原始多模态样本/MOSEI数据集部分原始视频-100条/-wny0OAz3g8/5.mp4,6c6a8a4cba654b25190ab1793bfae81c3d2159ecd6cbc02d3fcbd598543acce0,827334f782b1f242c84ad944a657bc7f7c63643f71ae9c977811a3eecdd3ab33,6.911979,-wny0OAz3g8___5.npz,153932,ce9fbae4f60b581ed73da68cabd25f1d5e890ee320c814c8f170517e3938df31,q1v2-feature-v1.0,2f9a7e731fd744f40638f1f66ba49efd67f3dae0b2a875dfd67389bcda423a36,5bde1d28afb363d0103324efeb5afc8b2b397fe5e04beabb9b1ef355255ade81,64184e229b263107bc2b804c6625db1341ff2bb731874b0bcc2fe6544e0bc9ff,ef451953badced2ed112ba4ffb997f9d2a7e7c444a09e8092665eadd9f24109e,20,670,204,38,6.8999999999999995,2,UNCERTAIN_REVIEW,word,word_partial,not_asserted,0,own_forced_alignment,q1v2_own_stable_ts_run,1,1,1,1,-1,1,1,1,1,20,20,19,1,0,20,19,2,0.18627450980392157,0.7594819354180766,0.0,6.7414375,0.0,6.8999999999999995,0.0,6.7414375
-wny0OAz3g8$_$7,-wny0OAz3g8,7,ordinary_median_duration_proxy,text|audio|vision,b9a3887ebc4083f41eb989691995164b78d2a3bae076e114d6bab627886ff913,data/attachment1/E题数据/E题数据/附件1-数据集原始多模态样本/MOSEI数据集部分原始视频-100条/-wny0OAz3g8/7.mp4,cbf9cac1048ce191aef781d0c4563eb97f9f3ddd52eb1f9551fa78d31d70e7cd,827334f782b1f242c84ad944a657bc7f7c63643f71ae9c977811a3eecdd3ab33,8.067969,-wny0OAz3g8___7.npz,241647,a8ca07c67e4fb1660b74f92d0015ea6500beb8c305da8347d011e4e8e11d13d3,q1v2-feature-v1.0,2f9a7e731fd744f40638f1f66ba49efd67f3dae0b2a875dfd67389bcda423a36,5bde1d28afb363d0103324efeb5afc8b2b397fe5e04beabb9b1ef355255ade81,64184e229b263107bc2b804c6625db1341ff2bb731874b0bcc2fe6544e0bc9ff,ef451953badced2ed112ba4ffb997f9d2a7e7c444a09e8092665eadd9f24109e,29,787,240,228,8.066666666666666,27,UNCERTAIN_REVIEW,word,word_partial,not_asserted,0,own_forced_alignment,q1v2_own_stable_ts_run,1,1,1,1,-1,1,1,1,1,29,29,28,1,0,29,28,27,0.95,0.9038619556285948,0.0,7.9105,0.0,8.066666666666666,0.0,7.9105
-wny0OAz3g8$_$9,-wny0OAz3g8,9,ordinary_median_duration_proxy,text|audio|vision,a084cdf552bb692d0b81cec2a9a8934d59e731294245b9ca6945b2057d85ad66,data/attachment1/E题数据/E题数据/附件1-数据集原始多模态样本/MOSEI数据集部分原始视频-100条/-wny0OAz3g8/9.mp4,b76f70fe783ee76bf1b637137226c98e67d13a6b15ec725894175b36cd76a136,827334f782b1f242c84ad944a657bc7f7c63643f71ae9c977811a3eecdd3ab33,6.213021,-wny0OAz3g8___9.npz,183388,36c0980082328b472eaf8ec92261e94bf0cfdcf568da944d759103d3735a77fd,q1v2-feature-v1.0,2f9a7e731fd744f40638f1f66ba49efd67f3dae0b2a875dfd67389bcda423a36,5bde1d28afb363d0103324efeb5afc8b2b397fe5e04beabb9b1ef355255ade81,64184e229b263107bc2b804c6625db1341ff2bb731874b0bcc2fe6544e0bc9ff,ef451953badced2ed112ba4ffb997f9d2a7e7c444a09e8092665eadd9f24109e,20,600,183,173,6.2,19,UNCERTAIN_REVIEW,word,word_partial,not_asserted,0,own_forced_alignment,q1v2_own_stable_ts_run,1,1,1,1,-1,1,1,1,1,20,20,19,1,0,20,19,19,0.9453551912568307,0.8207164722429058,0.0,6.0435,0.0,6.2,0.0,6.0435
-yRb-Jum7EQ$_$1,-yRb-Jum7EQ,1,long_duration_proxy,text|audio|vision,186478d349023d371d864220c1660ce8d987b36f2972f5cd5d87c4db145a180a,data/attachment1/E题数据/E题数据/附件1-数据集原始多模态样本/MOSEI数据集部分原始视频-100条/-yRb-Jum7EQ/1.mp4,2f16da1baa8660e5bfc608f5237cdd59725d16e57a19bc02c4556cd2c7129a46,827334f782b1f242c84ad944a657bc7f7c63643f71ae9c977811a3eecdd3ab33,29.288021,-yRb-Jum7EQ___1.npz,595175,76a0e9453f030c61fd008a772d750b77e4e98f686c454a08dd641a5c2d9e7151,q1v2-feature-v1.0,2f9a7e731fd744f40638f1f66ba49efd67f3dae0b2a875dfd67389bcda423a36,5bde1d28afb363d0103324efeb5afc8b2b397fe5e04beabb9b1ef355255ade81,64184e229b263107bc2b804c6625db1341ff2bb731874b0bcc2fe6544e0bc9ff,ef451953badced2ed112ba4ffb997f9d2a7e7c444a09e8092665eadd9f24109e,49,2906,875,848,29.26666666666667,37,UNCERTAIN_REVIEW,word,word_partial,not_asserted,0,own_forced_alignment,q1v2_own_stable_ts_run,1,1,1,1,-1,1,1,1,1,49,49,37,12,0,49,37,37,0.9691428571428572,0.7351488762356254,0.0,29.10975,0.0,29.26666666666667,0.0,29.10975
-yRb-Jum7EQ$_$5,-yRb-Jum7EQ,5,ordinary_median_duration_proxy,text|audio|vision,b1a7dcd8cb1edbff14e18c0dc9112def22b9df68e883121fbc3fd46aecec92e7,data/attachment1/E题数据/E题数据/附件1-数据集原始多模态样本/MOSEI数据集部分原始视频-100条/-yRb-Jum7EQ/5.mp4,6d6145293cf84d1fc8324dfa8d39465e2d7fc07affb67ff68deeabf6e3c410d9,827334f782b1f242c84ad944a657bc7f7c63643f71ae9c977811a3eecdd3ab33,13.16901,-yRb-Jum7EQ___5.npz,295875,ffeb8dc65063f264669709dec61f8d174de024f9bec53ec62774dcdde528c439,q1v2-feature-v1.0,2f9a7e731fd744f40638f1f66ba49efd67f3dae0b2a875dfd67389bcda423a36,5bde1d28afb363d0103324efeb5afc8b2b397fe5e04beabb9b1ef355255ade81,64184e229b263107bc2b804c6625db1341ff2bb731874b0bcc2fe6544e0bc9ff,ef451953badced2ed112ba4ffb997f9d2a7e7c444a09e8092665eadd9f24109e,25,1300,394,394,13.166666666666666,17,UNCERTAIN_REVIEW,word,word_partial,not_asserted,0,own_forced_alignment,q1v2_own_stable_ts_run,1,1,1,1,-1,1,1,1,1,25,25,17,8,0,25,17,17,1.0,0.5757188100405818,0.0,13.0445625,0.0,13.166666666666666,0.0,13.0445625
-yRb-Jum7EQ$_$6,-yRb-Jum7EQ,6,ordinary_median_duration_proxy,text|audio|vision,690765e3eb74923649edcafbfefc787f38ec6562d44f5bf52af1d246a416b8d2,data/attachment1/E题数据/E题数据/附件1-数据集原始多模态样本/MOSEI数据集部分原始视频-100条/-yRb-Jum7EQ/6.mp4,b51eb9ad06de804934cb6a315de591ba9ff7f8aa71bffff7f8001ab29945d989,827334f782b1f242c84ad944a657bc7f7c63643f71ae9c977811a3eecdd3ab33,11.241995,-yRb-Jum7EQ___6.npz,240523,d271ce189cb3dc0defa49b5c2959ea4daeac92cbb97093c00c4a7bd5534b6c5f,q1v2-feature-v1.0,2f9a7e731fd744f40638f1f66ba49efd67f3dae0b2a875dfd67389bcda423a36,5bde1d28afb363d0103324efeb5afc8b2b397fe5e04beabb9b1ef355255ade81,64184e229b263107bc2b804c6625db1341ff2bb731874b0bcc2fe6544e0bc9ff,ef451953badced2ed112ba4ffb997f9d2a7e7c444a09e8092665eadd9f24109e,19,1120,336,336,11.2425625,10,UNCERTAIN_REVIEW,word,word_partial,not_asserted,0,own_forced_alignment,q1v2_own_stable_ts_run,1,1,1,1,-1,1,1,1,1,19,19,11,8,0,19,11,10,1.0,0.42767857142857135,0.0,11.2425625,0.0,11.2,0.0,11.2
