sample,valid_len_token,n_word_slots,duration_sec,timebase_level,speech_ratio,pred_polarity,pred_prob_negative,pred_prob_neutral,pred_prob_positive,pred_intensity,modality_attention_text,modality_attention_audio,modality_attention_vision,modality_loo_text,modality_loo_audio,modality_loo_vision,modality_loo_kl_text,modality_loo_kl_audio,modality_loo_kl_vision,loo_flip_text,loo_flip_audio,loo_flip_vision,dominant_modality_attention,dominant_modality_kl,dominant_modality_delta,vision_fully_missing,token_word_map
01,24,22,9.0,speech+syllable,0.7678,Positive,0.020164,0.396739,0.583097,0.384812,0.938656,0.010148,0.051196,0.128335,0.065203,-0.095931,0.164651,0.008568,0.020213,0,0,0,text,text,text,False,weighted
02,21,19,3.493,speech+syllable,0.6585,Positive,0.087245,0.233936,0.678818,0.590874,0.983931,0.00721,0.008859,0.249793,0.029568,-0.053828,0.163853,0.002533,0.009608,0,0,0,text,text,text,False,weighted
03,35,33,9.664,speech+syllable,0.7864,Negative,0.614783,0.255679,0.129538,0.524323,0.987157,0.005894,0.006949,0.359066,0.022022,-0.040713,0.353202,0.001027,0.00447,1,0,0,text,text,text,False,weighted
04,28,26,6.994,speech+syllable,0.5262,Positive,0.035704,0.153867,0.81043,0.699109,0.965472,0.009562,0.024966,0.256572,0.002732,0.048564,0.176193,0.000133,0.006873,0,0,0,text,text,text,False,weighted
05,17,15,6.1,speech+syllable,0.6066,Positive,0.018478,0.399062,0.58246,0.391144,0.972517,0.013086,0.014397,-0.042379,-0.028608,0.169911,0.236356,0.001762,0.058821,0,0,1,text,text,vision,False,weighted
06,37,35,8.305,speech+syllable,0.7044,Positive,0.058435,0.078539,0.863026,1.127617,0.993631,0.003116,0.003254,0.439517,0.060949,-0.024574,0.417846,0.012867,0.002859,0,0,0,text,text,text,False,weighted
07,50,48,21.348,speech+syllable,0.3527,Positive,0.009456,0.251651,0.738893,0.532288,0.960956,0.017052,0.021992,0.228812,0.034159,0.000324,0.239609,0.002967,0.000348,0,0,0,text,text,text,False,weighted
08,13,11,5.086,speech+syllable,0.7589,Positive,0.050745,0.291554,0.657701,0.560181,0.926469,0.024458,0.049074,0.307696,0.063152,-0.072873,0.33239,0.009362,0.039545,1,0,0,text,text,text,False,weighted
09,20,18,5.042,speech+syllable,0.3094,Negative,0.978733,0.01016,0.011107,1.991874,0.997458,0.00074,0.001801,0.738189,-0.000825,-0.003475,1.297787,2.1e-05,0.000333,1,0,0,text,text,text,False,weighted
10,32,30,9.94,speech+syllable,0.497,Negative,0.981999,0.01066,0.007342,1.928078,0.993625,0.001607,0.004768,0.724567,-0.00044,-0.001257,1.250301,1.2e-05,0.000135,1,0,0,text,text,text,False,weighted
11,16,14,5.804,speech+syllable,0.4945,Negative,0.976513,0.014307,0.009181,1.859198,0.994209,0.00193,0.00386,0.713115,-0.001764,-0.001763,1.200509,7.9e-05,0.000112,1,0,0,text,text,text,False,weighted
12,44,42,13.014,speech+syllable,0.6977,Negative,0.869606,0.0851,0.045294,0.825504,0.994063,0.002491,0.003446,0.541191,0.005809,0.009817,0.649594,0.000204,0.000913,1,0,0,text,text,text,False,weighted
13,32,30,8.679,speech+syllable,0.4805,Neutral,0.03267,0.517719,0.449611,0.277328,0.976256,0.023744,0.0,0.262198,-0.024034,0.0,0.267742,0.001192,0.0,1,0,0,text,text,text,True,weighted
14,37,35,10.351,speech+syllable,0.7478,Negative,0.692684,0.210444,0.096872,0.568025,0.983288,0.005724,0.010989,0.48729,0.008864,0.017348,0.854513,0.000192,0.006464,1,0,0,text,text,text,False,weighted
15,23,21,7.333,speech+syllable,0.69,Neutral,0.34734,0.442883,0.209777,0.306702,0.991157,0.00421,0.004633,0.156327,0.000529,-0.018792,0.144261,1e-06,0.002134,1,0,0,text,text,text,False,weighted
16,13,11,3.114,speech+syllable,0.578,Negative,0.986503,0.009942,0.003554,2.193851,0.996679,0.000904,0.002416,0.687264,-2.3e-05,-0.000459,1.126129,1e-06,1.3e-05,1,0,0,text,text,text,False,weighted
17,26,24,9.667,speech+syllable,0.4262,Positive,0.017861,0.168893,0.813246,0.641476,0.977263,0.007629,0.015108,0.337857,0.014336,-0.007884,0.311051,0.000858,0.000432,0,0,0,text,text,text,False,weighted
18,50,48,18.808,speech+syllable,0.5269,Neutral,0.067188,0.530494,0.402319,0.28469,0.971133,0.014781,0.014087,0.233143,-0.025454,0.040237,0.171803,0.001317,0.013365,1,0,0,text,text,text,False,weighted
19,41,39,13.683,speech+syllable,0.5576,Positive,0.275823,0.06724,0.656937,1.359489,0.931467,0.006768,0.061765,0.016423,-0.013674,0.138668,0.119312,0.000881,0.040665,0,0,0,text,text,vision,False,weighted
20,45,43,10.953,speech+syllable,0.7267,Positive,0.006147,0.088488,0.905365,0.895589,0.874075,0.018047,0.107879,0.525495,0.00896,0.057041,0.692208,0.000469,0.016574,1,0,0,text,text,text,False,weighted
