word_index,word,char_start,char_end,char_span_original,word_start_sec,word_end_sec,word_time_valid,text_word_valid,word_audio_valid,word_vision_valid,n_audio_windows,audio_window_range,audio_center_span_sec,n_face_frames,face_frame_range,face_pts_span_sec,n_frames_in_span,frame_range_in_span,text_feat_dim,audio_feat_dim,vision_feat_dim,note
0,Omi,0,3,Omi,0.190000,0.740000,1,1,1,1,55,18–72,0.190000–0.730000,9,6–14,0.200000–0.466667,17,6–22,768,50,104,
1,and,4,7,and,0.740000,0.820000,1,1,1,0,8,73–80,0.740000–0.810000,0,,,2,23–24,768,50,104,区间内无人脸有效帧
2,Winant,8,14,Winant,0.820000,1.100000,1,1,1,1,28,81–108,0.820000–1.090000,6,27–32,0.900000–1.066667,8,25–32,768,50,104,
3,argue,15,20,argue,1.100000,1.280000,1,1,1,1,18,109–126,1.100000–1.270000,6,33–38,1.100000–1.266667,6,33–38,768,50,104,
4,that,21,25,that,1.280000,1.520000,1,1,1,1,24,127–150,1.280000–1.510000,7,39–45,1.300000–1.500000,7,39–45,768,50,104,
5,the,26,29,the,,,0,1,0,0,0,,,0,,,0,,768,50,104,无合法区间，不凑观测
6,concept,30,37,concept,1.520000,1.820000,1,1,1,1,30,151–180,1.520000–1.810000,9,46–54,1.533333–1.800000,9,46–54,768,50,104,
7,of,38,40,of,1.820000,2.040000,1,1,1,1,22,181–202,1.820000–2.030000,7,55–61,1.833333–2.033333,7,55–61,768,50,104,
8,race,41,45,race,2.040000,2.260000,1,1,1,1,22,203–224,2.040000–2.250000,6,62–67,2.066667–2.233333,6,62–67,768,50,104,
9,came,46,50,came,2.260000,2.440000,1,1,1,1,18,225–242,2.260000–2.430000,6,68–73,2.266667–2.433333,6,68–73,768,50,104,
10,about,51,56,about,2.440000,2.680000,1,1,1,1,25,243–267,2.440000–2.680000,7,74–80,2.466667–2.666667,7,74–80,768,50,104,
11,as,57,59,as,2.680000,2.840000,1,1,1,1,15,268–282,2.690000–2.830000,5,81–85,2.700000–2.833333,5,81–85,768,50,104,
12,a,60,61,a,2.900000,3.000000,1,1,1,1,10,289–298,2.900000–2.990000,3,87–89,2.900000–2.966667,3,87–89,768,50,104,
13,tool,62,66,tool,3.000000,3.120000,1,1,1,1,12,299–310,3.000000–3.110000,4,90–93,3.000000–3.100000,4,90–93,768,50,104,
14,to,67,69,to,3.120000,3.320000,1,1,1,1,20,311–330,3.120000–3.310000,6,94–99,3.133333–3.300000,6,94–99,768,50,104,
15,justify,70,77,justify,3.320000,3.680000,1,1,1,1,37,331–367,3.320000–3.680000,11,100–110,3.333333–3.666667,11,100–110,768,50,104,
16,and,78,81,and,3.680000,3.960000,1,1,1,1,27,368–394,3.690000–3.950000,8,111–118,3.700000–3.933333,8,111–118,768,50,104,
17,maintain,82,90,maintain,3.960000,4.400000,1,1,1,1,44,395–438,3.960000–4.390000,13,119–131,3.966667–4.366667,13,119–131,768,50,104,
18,the,91,94,the,4.400000,4.620000,1,1,1,1,22,439–460,4.400000–4.610000,7,132–138,4.400000–4.600000,7,132–138,768,50,104,
19,economic,95,103,economic,4.620000,5.020000,1,1,1,1,40,461–500,4.620000–5.010000,12,139–150,4.633333–5.000000,12,139–150,768,50,104,
20,and,104,107,and,5.020000,5.240000,1,1,1,1,22,501–522,5.020000–5.230000,7,151–157,5.033333–5.233333,7,151–157,768,50,104,
21,political,108,117,political,5.240000,5.520000,1,1,1,1,28,523–550,5.240000–5.510000,8,158–165,5.266667–5.500000,8,158–165,768,50,104,
22,power,118,123,power,5.520000,6.000000,1,1,1,1,48,551–598,5.520000–5.990000,14,166–179,5.533333–5.966667,14,166–179,768,50,104,
23,held,124,128,held,6.000000,6.180000,1,1,1,1,18,599–616,6.000000–6.170000,6,180–185,6.000000–6.166667,6,180–185,768,50,104,
24,by,129,131,by,6.180000,6.440000,1,1,1,1,27,617–643,6.180000–6.440000,8,186–193,6.200000–6.433333,8,186–193,768,50,104,
25,those,132,137,those,6.440000,6.540000,1,1,1,1,9,644–652,6.450000–6.530000,3,194–196,6.466667–6.533333,3,194–196,768,50,104,
26,of,138,140,of,6.540000,6.700000,1,1,1,1,17,653–669,6.540000–6.700000,4,197–200,6.566667–6.666667,4,197–200,768,50,104,
27,European,141,149,European,6.700000,7.020000,1,1,1,1,31,670–700,6.710000–7.010000,10,201–210,6.700000–7.000000,10,201–210,768,50,104,
28,descent,150,157,descent,7.020000,7.400000,1,1,1,1,38,701–738,7.020000–7.390000,11,211–221,7.033333–7.366667,11,211–221,768,50,104,
