missing_type,position,duration,ratio,accuracy,macro_f1,mae,pearson,neutral_recall,slots_cut_text,slots_cut_audio,slots_cut_vision,slots_cut_target_only
none,none,none,0.0,0.5535714285714286,0.5255727550891477,0.4993028458678624,0.4644178937729792,0.3532608695652174,0,0,0,True
text,head,short,0.2,0.5412087912087912,0.5090257556664602,0.5151723156591038,0.4258994404686827,0.34782608695652173,3451,0,0,True
text,head,medium,0.4,0.5288461538461539,0.49573179174409826,0.5268536223160042,0.4019562359909624,0.3423913043478261,6858,0,0,True
text,head,long,0.6,0.5151098901098901,0.4755131918193463,0.5547344760130067,0.3392848900125196,0.31521739130434784,10310,0,0,True
text,middle,short,0.2,0.5673076923076923,0.5434336965146968,0.5108052780749378,0.4245738281776757,0.41304347826086957,3451,0,0,True
text,middle,medium,0.4,0.5398351648351648,0.5181292454205788,0.531244177289389,0.3900418928738998,0.3804347826086957,6858,0,0,True
text,middle,long,0.6,0.5,0.469321417835975,0.5451199521238987,0.34947049629503685,0.33695652173913043,10310,0,0,True
text,tail,short,0.2,0.5508241758241759,0.5275485008818342,0.511454782090508,0.4037408186470077,0.391304347826087,3451,0,0,True
text,tail,medium,0.4,0.5425824175824175,0.5246339693516028,0.5318833922373725,0.3479510063289248,0.42934782608695654,6858,0,0,True
text,tail,long,0.6,0.5096153846153846,0.4921577075466119,0.5534798608744865,0.279413942089084,0.43478260869565216,10310,0,0,True
text,random,short,0.2,0.5467032967032966,0.5205512370887738,0.5044445421874195,0.4503031335669978,0.375,3451,0,0,True
text,random,medium,0.4,0.5274725274725275,0.5000139575265526,0.5246196548648916,0.4025094913158898,0.34782608695652173,6858,0,0,True
text,random,long,0.6,0.5082417582417582,0.4817839216815143,0.5512351569729846,0.3136283519117669,0.3804347826086957,10310,0,0,True
audio,head,short,0.2,0.5508241758241759,0.5239259346786228,0.49913067854736204,0.46502257708676564,0.358695652173913,0,3442,0,True
audio,head,medium,0.4,0.5508241758241759,0.5247371180029295,0.4990639051647632,0.465298286473073,0.3641304347826087,0,6840,0,True
audio,head,long,0.6,0.5521978021978022,0.5264082671449062,0.49848626781214067,0.46656150009994235,0.3641304347826087,0,10282,0,True
audio,middle,short,0.2,0.5521978021978022,0.525427588682282,0.4990162550277271,0.4650994384057599,0.358695652173913,0,3442,0,True
audio,middle,medium,0.4,0.5508241758241759,0.5247371180029295,0.4988550779890719,0.4654671448459779,0.3641304347826087,0,6840,0,True
audio,middle,long,0.6,0.554945054945055,0.5306832820234736,0.498324979485555,0.4664399596961935,0.3804347826086957,0,10282,0,True
audio,tail,short,0.2,0.5535714285714286,0.5274789627723333,0.4989794140251783,0.46524601569726737,0.3695652173913043,0,3442,0,True
audio,tail,medium,0.4,0.554945054945055,0.5297597539496132,0.4988533677635612,0.46552786457674,0.375,0,6840,0,True
audio,tail,long,0.6,0.5535714285714286,0.5304411173946201,0.49829933690009537,0.46664891113994905,0.3858695652173913,0,10282,0,True
audio,random,short,0.2,0.5494505494505495,0.522952065149103,0.49898375399861034,0.46506435881248137,0.358695652173913,0,3442,0,True
audio,random,medium,0.4,0.5508241758241759,0.5247371180029295,0.49877167376433756,0.46537706352175845,0.3641304347826087,0,6840,0,True
audio,random,long,0.6,0.5535714285714286,0.5289395171179989,0.4982826880455672,0.46637983233960933,0.375,0,10282,0,True
vision,head,short,0.2,0.5590659340659341,0.5290176625083962,0.5001102530162086,0.4641683578044405,0.34782608695652173,0,0,3260,True
vision,head,medium,0.4,0.5659340659340659,0.5356916387753392,0.5009647228417324,0.46280500605696695,0.358695652173913,0,0,6466,True
vision,head,long,0.6,0.5563186813186813,0.5247291191214231,0.5020538170177203,0.46001746242499386,0.3423913043478261,0,0,9716,True
vision,middle,short,0.2,0.5618131868131868,0.5330931525734721,0.4998735248694544,0.46328400276011433,0.3641304347826087,0,0,3260,True
vision,middle,medium,0.4,0.5576923076923077,0.5291771728609915,0.5007729218290239,0.4616629884253456,0.358695652173913,0,0,6466,True
vision,middle,long,0.6,0.5467032967032966,0.5192529231582548,0.5016193426224392,0.4595869659307007,0.358695652173913,0,0,9716,True
vision,tail,short,0.2,0.5618131868131868,0.5333880244169226,0.4999203024084096,0.4632832552555401,0.3641304347826087,0,0,3260,True
vision,tail,medium,0.4,0.5576923076923077,0.529949994518733,0.500782227072005,0.4621603591051749,0.3641304347826087,0,0,6466,True
vision,tail,long,0.6,0.5494505494505495,0.5237554112554111,0.5024555798742797,0.4587597166055447,0.3641304347826087,0,0,9716,True
vision,random,short,0.2,0.5604395604395604,0.5322541847860459,0.4999150263636813,0.4633216552602364,0.3641304347826087,0,0,3260,True
vision,random,medium,0.4,0.5604395604395604,0.5314658717236199,0.500021420122421,0.4631836039955791,0.358695652173913,0,0,6466,True
vision,random,long,0.6,0.5508241758241759,0.5222655631900789,0.5012371518270491,0.4610821342879455,0.3532608695652174,0,0,9716,True
audio+vision,head,short,0.2,0.5563186813186813,0.5279401429677592,0.4999619959290702,0.46482184005621124,0.3532608695652174,0,3442,3260,True
audio+vision,head,medium,0.4,0.5604395604395604,0.5324894742838074,0.500756749064549,0.4638598170112848,0.3641304347826087,0,6840,6466,True
audio+vision,head,long,0.6,0.554945054945055,0.5279848398991374,0.5012171711506588,0.4624937640819966,0.3695652173913043,0,10282,9716,True
audio+vision,middle,short,0.2,0.5535714285714286,0.5272749780802993,0.4996171980216117,0.46399517247845323,0.3641304347826087,0,3442,3260,True
audio+vision,middle,medium,0.4,0.5521978021978022,0.5278711704877986,0.5003856042973124,0.4627522929466076,0.375,0,6840,6466,True
audio+vision,middle,long,0.6,0.5453296703296703,0.5226761832488697,0.5007489338455783,0.4617904473342383,0.3804347826086957,0,10282,9716,True
audio+vision,tail,short,0.2,0.5576923076923077,0.5320636401326699,0.4996951446346529,0.4641170234115142,0.375,0,3442,3260,True
audio+vision,tail,medium,0.4,0.5563186813186813,0.5319601406006729,0.5005431644986946,0.46323515527900205,0.3858695652173913,0,6840,6466,True
audio+vision,tail,long,0.6,0.5453296703296703,0.5255037585321648,0.5019861909734843,0.46092644827088297,0.3967391304347826,0,10282,9716,True
audio+vision,random,short,0.2,0.554945054945055,0.5275944480161464,0.49990668846806,0.4645146113001875,0.358695652173913,0,3442,3260,True
audio+vision,random,medium,0.4,0.5563186813186813,0.5295625837625458,0.5004352864471602,0.4643918272585913,0.3641304347826087,0,6840,6466,True
audio+vision,random,long,0.6,0.5563186813186813,0.5332034196274246,0.5007358065059224,0.4641428558491574,0.391304347826087,0,10282,9716,True
