sample_id,official_id,frac,target_t_sec,actual_t_sec,seek_delta_sec,frame_width,frame_height,status,n_faces,face_probs,box_areas_px2,box_area_ratios,frame_max_face_area_ratio,nearest_vision_pts_sec,nearest_vision_pts_delta_sec,vision_face_flag,agree_with_extractor
-3g5yACwYnA_13,-3g5yACwYnA$_$13,0.15,0.8271,0.8333,0.0062,1280,720,OK,1,1.0000,79206,0.085944,0.085944,0.8,-0.0333,1,1
-3g5yACwYnA_13,-3g5yACwYnA$_$13,0.5,2.757,2.7667,0.0097,1280,720,OK,1,1.0000,76447,0.082951,0.082951,2.8,0.0333,1,1
-3g5yACwYnA_13,-3g5yACwYnA$_$13,0.85,4.6869,4.7,0.0131,1280,720,OK,1,1.0000,80138,0.086955,0.086955,4.6667,-0.0333,1,1
-3g5yACwYnA_2,-3g5yACwYnA$_$2,0.15,1.4091,1.4,-0.0091,1280,720,OK,1,1.0000,82515,0.089534,0.089534,1.4,0.0,1,1
-3g5yACwYnA_2,-3g5yACwYnA$_$2,0.5,4.697,4.7,0.003,1280,720,OK,1,1.0000,82093,0.089077,0.089077,4.6667,-0.0333,1,1
-3g5yACwYnA_2,-3g5yACwYnA$_$2,0.85,7.9849,8.0,0.0151,1280,720,OK,1,1.0000,79561,0.086329,0.086329,8.0,0.0,1,1
-3g5yACwYnA_3,-3g5yACwYnA$_$3,0.15,2.1583,2.1667,0.0083,1280,720,OK,1,1.0000,81795,0.088753,0.088753,2.2,0.0333,1,1
-3g5yACwYnA_3,-3g5yACwYnA$_$3,0.5,7.1945,7.2,0.0055,1280,720,OK,1,1.0000,79996,0.086801,0.086801,7.2,0.0,1,1
-3g5yACwYnA_3,-3g5yACwYnA$_$3,0.85,12.2306,12.2333,0.0027,1280,720,OK,1,1.0000,81642,0.088588,0.088588,12.2,-0.0333,1,1
-3g5yACwYnA_9,-3g5yACwYnA$_$9,0.15,1.3225,1.3333,0.0108,1280,720,OK,1,1.0000,83522,0.090627,0.090627,1.3333,0.0,1,1
-3g5yACwYnA_9,-3g5yACwYnA$_$9,0.5,4.4085,4.4,-0.0085,1280,720,OK,1,1.0000,76293,0.082784,0.082784,4.4,0.0,1,1
-3g5yACwYnA_9,-3g5yACwYnA$_$9,0.85,7.4944,7.5,0.0056,1280,720,OK,1,1.0000,81854,0.088817,0.088817,7.4667,-0.0333,1,1
-3nNcZdcdvU_5,-3nNcZdcdvU$_$5,0.15,1.1802,1.1667,-0.0135,320,240,OK,1,1.0000,3935,0.051236,0.051236,1.2,0.0333,1,1
-3nNcZdcdvU_5,-3nNcZdcdvU$_$5,0.5,3.934,3.9333,-0.0007,320,240,OK,1,0.9998,3781,0.049232,0.049232,3.9333,0.0,1,1
-3nNcZdcdvU_5,-3nNcZdcdvU$_$5,0.85,6.6878,6.7,0.0122,320,240,OK,1,1.0000,3896,0.050727,0.050727,6.6667,-0.0333,1,1
-571d8cVauQ_0,-571d8cVauQ$_$0,0.15,0.76,0.7667,0.0067,486,360,OK,1,1.0000,12031,0.068767,0.068767,0.8,0.0333,1,1
-571d8cVauQ_0,-571d8cVauQ$_$0,0.5,2.5333,2.5333,-0.0,486,360,OK,1,1.0000,12090,0.069104,0.069104,2.5333,0.0,1,1
-571d8cVauQ_0,-571d8cVauQ$_$0,0.85,4.3067,4.3,-0.0067,486,360,OK,1,1.0000,11329,0.064749,0.064749,4.2667,-0.0333,1,1
-571d8cVauQ_5,-571d8cVauQ$_$5,0.15,2.291,2.3,0.009,486,360,OK,1,1.0000,7500,0.042867,0.042867,2.2667,-0.0333,1,1
-571d8cVauQ_5,-571d8cVauQ$_$5,0.5,7.6365,7.6333,-0.0032,486,360,OK,1,1.0000,8855,0.050613,0.050613,7.6,-0.0333,1,1
-571d8cVauQ_5,-571d8cVauQ$_$5,0.85,12.982,12.9667,-0.0154,486,360,OK,1,1.0000,7478,0.042742,0.042742,13.0,0.0333,1,1
-6rXp3zJ3kc_8,-6rXp3zJ3kc$_$8,0.15,1.9207,1.9333,0.0126,480,270,OK,1,1.0000,7489,0.057782,0.057782,1.9333,0.0,1,1
-6rXp3zJ3kc_8,-6rXp3zJ3kc$_$8,0.5,6.4025,6.4,-0.0025,480,270,OK,1,0.9999,7126,0.054983,0.054983,6.4,0.0,1,1
-6rXp3zJ3kc_8,-6rXp3zJ3kc$_$8,0.85,10.8842,10.9,0.0158,480,270,OK,1,1.0000,6956,0.053676,0.053676,10.8667,-0.0333,1,1
-9y-fZ3swSY_0,-9y-fZ3swSY$_$0,0.15,1.025,1.0333,0.0083,1280,720,OK,1,1.0000,18386,0.019950,0.01995,1.0,-0.0333,1,1
-9y-fZ3swSY_0,-9y-fZ3swSY$_$0,0.5,3.4167,3.4,-0.0167,1280,720,OK,1,1.0000,19696,0.021372,0.021372,3.4,0.0,1,1
-9y-fZ3swSY_0,-9y-fZ3swSY$_$0,0.85,5.8083,5.8,-0.0083,1280,720,OK,1,1.0000,22799,0.024738,0.024738,5.8,0.0,1,1
-9y-fZ3swSY_4,-9y-fZ3swSY$_$4,0.15,0.4232,0.4333,0.0102,1280,720,OK,1,1.0000,15244,0.016540,0.01654,0.4,-0.0333,1,1
-9y-fZ3swSY_4,-9y-fZ3swSY$_$4,0.5,1.4105,1.4,-0.0105,1280,720,OK,1,1.0000,19707,0.021383,0.021383,1.4,0.0,1,1
-9y-fZ3swSY_4,-9y-fZ3swSY$_$4,0.85,2.3979,2.4,0.0021,1280,720,OK,1,1.0000,23816,0.025842,0.025842,2.4,0.0,1,1
-9y-fZ3swSY_8,-9y-fZ3swSY$_$8,0.15,0.7483,0.7333,-0.015,1280,720,OK,1,1.0000,18046,0.019582,0.019582,0.7333,0.0,1,1
-9y-fZ3swSY_8,-9y-fZ3swSY$_$8,0.5,2.4945,2.5,0.0055,1280,720,OK,1,1.0000,18370,0.019933,0.019933,2.4667,-0.0333,1,1
-9y-fZ3swSY_8,-9y-fZ3swSY$_$8,0.85,4.2406,4.2333,-0.0073,1280,720,OK,1,1.0000,18445,0.020015,0.020015,4.2,-0.0333,1,1
-AUZQgSxyPQ_2,-AUZQgSxyPQ$_$2,0.15,3.3766,3.3667,-0.01,1280,720,OK,1,0.9995,50090,0.054351,0.054351,3.4,0.0333,1,1
-AUZQgSxyPQ_2,-AUZQgSxyPQ$_$2,0.5,11.2555,11.2667,0.0112,1280,720,OK,1,0.9999,52346,0.056799,0.056799,11.2667,-0.0,1,1
-AUZQgSxyPQ_2,-AUZQgSxyPQ$_$2,0.85,19.1343,19.1333,-0.001,1280,720,OK,1,1.0000,46247,0.050181,0.050181,19.1333,0.0,1,1
-HeZS2-Prhc_2,-HeZS2-Prhc$_$2,0.15,1.2393,1.2333,-0.006,360,360,OK,1,1.0000,34361,0.265132,0.265132,1.2,-0.0333,1,1
-HeZS2-Prhc_2,-HeZS2-Prhc$_$2,0.5,4.131,4.1333,0.0023,360,360,OK,1,1.0000,34376,0.265249,0.265249,4.1333,0.0,1,1
-HeZS2-Prhc_2,-HeZS2-Prhc$_$2,0.85,7.0227,7.0333,0.0106,360,360,OK,1,1.0000,35227,0.271811,0.271811,7.0,-0.0333,1,1
-HwX2H8Z4hY_2,-HwX2H8Z4hY$_$2,0.15,0.5973,0.6,0.0027,1280,720,OK,2,0.9097;0.9473,1483;329,0.001610;0.000357,0.00161,0.6,0.0,1,1
-HwX2H8Z4hY_2,-HwX2H8Z4hY$_$2,0.5,1.991,2.0,0.009,1280,720,OK,2,0.9289;0.9473,1485;329,0.001611;0.000357,0.001611,2.0,0.0,1,1
-HwX2H8Z4hY_2,-HwX2H8Z4hY$_$2,0.85,3.3847,3.4,0.0153,1280,720,OK,1,1.0000,149416,0.157062,0.157062,3.4,0.0,1,1
-HwX2H8Z4hY_5,-HwX2H8Z4hY$_$5,0.15,0.8479,0.8333,-0.0146,1280,720,OK,1,1.0000,173151,0.187881,0.187881,0.8,-0.0333,1,1
-HwX2H8Z4hY_5,-HwX2H8Z4hY$_$5,0.5,2.8265,2.8333,0.0068,1280,720,OK,1,0.9757,193932,0.210430,0.21043,2.8,-0.0333,1,1
-HwX2H8Z4hY_5,-HwX2H8Z4hY$_$5,0.85,4.805,4.8,-0.005,1280,720,OK,1,0.9940,203619,0.220941,0.220941,4.8,0.0,1,1
-HwX2H8Z4hY_6,-HwX2H8Z4hY$_$6,0.15,0.5037,0.5,-0.0037,1280,720,OK,1,1.0000,175586,0.190523,0.190523,0.4667,-0.0333,1,1
-HwX2H8Z4hY_6,-HwX2H8Z4hY$_$6,0.5,1.679,1.6667,-0.0123,1280,720,OK,1,1.0000,188821,0.204884,0.204884,1.6667,-0.0,1,1
-HwX2H8Z4hY_6,-HwX2H8Z4hY$_$6,0.85,2.8543,2.8667,0.0124,1280,720,OK,1,0.9619,245384,0.266258,0.266258,2.8667,-0.0,1,1
-HwX2H8Z4hY_9,-HwX2H8Z4hY$_$9,0.15,1.1601,1.1667,0.0066,1280,720,OK,0,,,,0.0,1.2,0.0333,0,1
-HwX2H8Z4hY_9,-HwX2H8Z4hY$_$9,0.5,3.867,3.8667,-0.0003,1280,720,OK,1,0.9518,12688,0.013767,0.013767,3.8667,-0.0,1,1
-HwX2H8Z4hY_9,-HwX2H8Z4hY$_$9,0.85,6.5739,6.5667,-0.0072,1280,720,OK,0,,,,0.0,6.6,0.0333,0,1
-I_e4mIh0yE_1,-I_e4mIh0yE$_$1,0.15,1.1433,1.1333,-0.01,640,360,OK,1,1.0000,17409,0.075561,0.075561,1.1333,0.0,1,1
-I_e4mIh0yE_1,-I_e4mIh0yE$_$1,0.5,3.811,3.8,-0.011,640,360,OK,1,0.9976,17840,0.077432,0.077432,3.8,0.0,1,1
-I_e4mIh0yE_1,-I_e4mIh0yE$_$1,0.85,6.4787,6.4667,-0.012,640,360,OK,1,1.0000,17686,0.076762,0.076762,6.4667,-0.0,1,1
-I_e4mIh0yE_3,-I_e4mIh0yE$_$3,0.15,1.3744,1.3667,-0.0078,640,360,OK,1,1.0000,16890,0.073307,0.073307,1.4,0.0333,1,1
-I_e4mIh0yE_3,-I_e4mIh0yE$_$3,0.5,4.5815,4.5667,-0.0148,640,360,OK,1,1.0000,17097,0.074206,0.074206,4.6,0.0333,1,1
-I_e4mIh0yE_3,-I_e4mIh0yE$_$3,0.85,7.7885,7.8,0.0114,640,360,OK,1,1.0000,17419,0.075602,0.075602,7.8,0.0,1,1
-MeTTeMJBNc_0,-MeTTeMJBNc$_$0,0.15,1.395,1.4,0.005,470,360,OK,2,0.7352;0.9999,6844;6669,0.040447;0.039415,0.040447,1.4,0.0,1,1
-MeTTeMJBNc_0,-MeTTeMJBNc$_$0,0.5,4.65,4.6667,0.0167,470,360,OK,1,0.9993,6456,0.038155,0.038155,4.6667,-0.0,1,1
-MeTTeMJBNc_0,-MeTTeMJBNc$_$0,0.85,7.905,7.9,-0.005,470,360,OK,1,0.9999,6858,0.040534,0.040534,7.8667,-0.0333,1,1
-MeTTeMJBNc_13,-MeTTeMJBNc$_$13,0.15,0.8145,0.8,-0.0145,470,360,OK,1,0.9997,6437,0.038046,0.038046,0.8,0.0,1,1
-MeTTeMJBNc_13,-MeTTeMJBNc$_$13,0.5,2.715,2.7,-0.015,470,360,OK,1,0.9999,7097,0.041946,0.041946,2.6667,-0.0333,1,1
-MeTTeMJBNc_13,-MeTTeMJBNc$_$13,0.85,4.6155,4.6,-0.0155,470,360,OK,1,1.0000,6995,0.041341,0.041341,4.6,0.0,1,1
-MeTTeMJBNc_7,-MeTTeMJBNc$_$7,0.15,1.5775,1.5667,-0.0109,470,360,OK,1,1.0000,6214,0.036724,0.036724,1.6,0.0333,1,1
-MeTTeMJBNc_7,-MeTTeMJBNc$_$7,0.5,5.2585,5.2667,0.0082,470,360,OK,1,0.9992,6794,0.040154,0.040154,5.2667,-0.0,1,1
-MeTTeMJBNc_7,-MeTTeMJBNc$_$7,0.85,8.9394,8.9333,-0.0061,470,360,OK,1,0.9995,6812,0.040259,0.040259,8.9333,0.0,1,1
-NFrJFQijFE_1,-NFrJFQijFE$_$1,0.15,0.8619,0.88,0.0181,1280,720,OK,0,,,,0.0,0.88,0.0,0,1
-NFrJFQijFE_1,-NFrJFQijFE$_$1,0.5,2.873,2.88,0.007,1280,720,OK,0,,,,0.0,2.88,0.0,0,1
-NFrJFQijFE_1,-NFrJFQijFE$_$1,0.85,4.8841,4.88,-0.0041,1280,720,OK,0,,,,0.0,4.88,0.0,0,1
-NFrJFQijFE_2,-NFrJFQijFE$_$2,0.15,1.0284,1.04,0.0116,1280,720,OK,1,0.7396,1461,0.001585,0.001585,1.0,-0.04,1,1
-NFrJFQijFE_2,-NFrJFQijFE$_$2,0.5,3.428,3.44,0.012,1280,720,OK,0,,,,0.0,3.4,-0.04,0,1
-NFrJFQijFE_2,-NFrJFQijFE$_$2,0.85,5.8276,5.84,0.0124,1280,720,OK,0,,,,0.0,5.8,-0.04,0,1
-RfYyzHpjk4_11,-RfYyzHpjk4$_$11,0.15,0.7858,0.8,0.0142,1280,720,OK,1,0.9994,43476,0.047174,0.047174,0.8,0.0,1,1
-RfYyzHpjk4_11,-RfYyzHpjk4$_$11,0.5,2.6195,2.6333,0.0138,1280,720,OK,1,1.0000,50238,0.054512,0.054512,2.6,-0.0333,1,1
-RfYyzHpjk4_11,-RfYyzHpjk4$_$11,0.85,4.4531,4.4667,0.0135,1280,720,OK,1,0.9999,40093,0.043503,0.043503,4.4667,-0.0,1,1
-RfYyzHpjk4_2,-RfYyzHpjk4$_$2,0.15,0.8274,0.8333,0.0059,1280,720,OK,1,1.0000,16709,0.018131,0.018131,0.8,-0.0333,1,1
-RfYyzHpjk4_2,-RfYyzHpjk4$_$2,0.5,2.758,2.7667,0.0087,1280,720,OK,1,0.9994,18423,0.019990,0.01999,2.8,0.0333,1,1
-RfYyzHpjk4_2,-RfYyzHpjk4$_$2,0.85,4.6886,4.7,0.0114,1280,720,OK,1,1.0000,18325,0.019884,0.019884,4.6667,-0.0333,1,1
-RfYyzHpjk4_8,-RfYyzHpjk4$_$8,0.15,0.6884,0.7,0.0116,1280,720,OK,1,1.0000,33509,0.036359,0.036359,0.6667,-0.0333,1,1
-RfYyzHpjk4_8,-RfYyzHpjk4$_$8,0.5,2.2945,2.3,0.0055,1280,720,OK,1,0.9999,46017,0.049932,0.049932,2.2667,-0.0333,1,1
-RfYyzHpjk4_8,-RfYyzHpjk4$_$8,0.85,3.9007,3.9,-0.0007,1280,720,OK,1,1.0000,50609,0.054915,0.054915,3.9333,0.0333,1,1
-THoVjtIkeU_12,-THoVjtIkeU$_$12,0.15,2.2344,2.2333,-0.0011,640,360,OK,1,1.0000,21841,0.094796,0.094796,2.2,-0.0333,1,1
-THoVjtIkeU_12,-THoVjtIkeU$_$12,0.5,7.448,7.4333,-0.0147,640,360,OK,1,0.9999,25405,0.110266,0.110266,7.4,-0.0333,1,1
-THoVjtIkeU_12,-THoVjtIkeU$_$12,0.85,12.6616,12.6667,0.0051,640,360,OK,1,0.9999,24146,0.104798,0.104798,12.6667,-0.0,1,1
-THoVjtIkeU_2,-THoVjtIkeU$_$2,0.15,0.6438,0.6333,-0.0105,640,360,OK,1,1.0000,28633,0.124275,0.124275,0.6,-0.0333,1,1
-THoVjtIkeU_2,-THoVjtIkeU$_$2,0.5,2.146,2.1333,-0.0127,640,360,OK,1,1.0000,22306,0.096814,0.096814,2.1333,0.0,1,1
-THoVjtIkeU_2,-THoVjtIkeU$_$2,0.85,3.6482,3.6333,-0.0149,640,360,OK,1,1.0000,29370,0.127475,0.127475,3.6,-0.0333,1,1
-THoVjtIkeU_6,-THoVjtIkeU$_$6,0.15,1.2145,1.2,-0.0145,640,360,OK,1,0.9998,23000,0.099828,0.099828,1.2,0.0,1,1
-THoVjtIkeU_6,-THoVjtIkeU$_$6,0.5,4.0485,4.0333,-0.0152,640,360,OK,1,1.0000,21878,0.094956,0.094956,4.0,-0.0333,1,1
-THoVjtIkeU_6,-THoVjtIkeU$_$6,0.85,6.8824,6.8667,-0.0158,640,360,OK,1,1.0000,22353,0.097017,0.097017,6.8667,-0.0,1,1
-UUCSKoHeMA_0,-UUCSKoHeMA$_$0,0.15,1.17,1.1667,-0.0033,470,360,OK,1,1.0000,15875,0.093825,0.093825,1.2,0.0333,1,1
-UUCSKoHeMA_0,-UUCSKoHeMA$_$0,0.5,3.9,3.9,0.0,470,360,OK,1,1.0000,16124,0.095298,0.095298,3.9333,0.0333,1,1
-UUCSKoHeMA_0,-UUCSKoHeMA$_$0,0.85,6.63,6.6333,0.0033,470,360,OK,1,0.9996,15442,0.091263,0.091263,6.6,-0.0333,1,1
-UacrmKiTn4_10,-UacrmKiTn4$_$10,0.15,1.1043,1.1,-0.0043,470,360,OK,1,1.0000,14376,0.084962,0.084962,1.0667,-0.0333,1,1
-UacrmKiTn4_10,-UacrmKiTn4$_$10,0.5,3.681,3.6667,-0.0143,470,360,OK,1,0.9998,16384,0.096834,0.096834,3.6667,-0.0,1,1
-UacrmKiTn4_10,-UacrmKiTn4$_$10,0.85,6.2577,6.2667,0.009,470,360,OK,1,0.9995,15872,0.093808,0.093808,6.2667,-0.0,1,1
-UacrmKiTn4_4,-UacrmKiTn4$_$4,0.15,0.7111,0.7,-0.0111,470,360,OK,1,0.9998,16495,0.097490,0.09749,0.6667,-0.0333,1,1
-UacrmKiTn4_4,-UacrmKiTn4$_$4,0.5,2.3705,2.3667,-0.0038,470,360,OK,1,1.0000,17186,0.101570,0.10157,2.4,0.0333,1,1
-UacrmKiTn4_4,-UacrmKiTn4$_$4,0.85,4.0298,4.0333,0.0035,470,360,OK,2,0.9995;0.7005,16029;1462,0.094733;0.008640,0.094733,4.0,-0.0333,1,1
-UuX1xuaiiE_0,-UuX1xuaiiE$_$0,0.15,0.545,0.5333,-0.0117,1280,720,OK,1,0.9998,46794,0.050775,0.050775,0.5333,0.0,1,1
-UuX1xuaiiE_0,-UuX1xuaiiE$_$0,0.5,1.8167,1.8,-0.0167,1280,720,OK,4,0.9992;0.9978;0.9982;0.9844,9018;7117;6269;6108,0.009786;0.007722;0.006803;0.006628,0.009786,1.8,0.0,1,1
-UuX1xuaiiE_0,-UuX1xuaiiE$_$0,0.85,3.0883,3.1,0.0117,1280,720,OK,4,0.9999;1.0000;0.9949;0.9966,9047;6233;5952;5652,0.009816;0.006763;0.006458;0.006132,0.009816,3.0667,-0.0333,1,1
-UuX1xuaiiE_1,-UuX1xuaiiE$_$1,0.15,1.5525,1.5667,0.0142,1280,720,OK,4,0.9999;0.9991;0.9997;0.9989,9898;6995;6868;5542,0.010740;0.007590;0.007452;0.006013,0.01074,1.6,0.0333,1,1
-UuX1xuaiiE_1,-UuX1xuaiiE$_$1,0.5,5.175,5.1667,-0.0083,1280,720,OK,8,0.9977;0.7646;0.9999;0.9988;0.9937;0.9995;0.9995;0.9954,12439;7318;6946;5841;5728;4560;4476;3898,0.012043;0.007940;0.007537;0.006338;0.006215;0.004948;0.004857;0.004229,0.012043,5.2,0.0333,1,1
-UuX1xuaiiE_1,-UuX1xuaiiE$_$1,0.85,8.7975,8.8,0.0025,1280,720,OK,9,0.9991;0.8811;1.0000;0.9994;0.9957;0.9991;0.9993;0.9967;0.7956,14073;12784;7542;6677;5923;4884;4856;4146;3577,0.011502;0.013234;0.008184;0.007246;0.006427;0.005299;0.005269;0.004498;0.003882,0.013234,8.8,0.0,1,1
-UuX1xuaiiE_3,-UuX1xuaiiE$_$3,0.15,0.6195,0.6333,0.0138,1280,720,OK,1,1.0000,66609,0.072275,0.072275,0.6,-0.0333,1,1
-UuX1xuaiiE_3,-UuX1xuaiiE$_$3,0.5,2.065,2.0667,0.0017,1280,720,OK,1,1.0000,65255,0.070806,0.070806,2.0667,-0.0,1,1
-UuX1xuaiiE_3,-UuX1xuaiiE$_$3,0.85,3.5105,3.5,-0.0105,1280,720,OK,1,1.0000,62493,0.067809,0.067809,3.4667,-0.0333,1,1
-UuX1xuaiiE_6,-UuX1xuaiiE$_$6,0.15,1.2171,1.2333,0.0162,1280,720,OK,1,1.0000,93678,0.101647,0.101647,1.2,-0.0333,1,1
-UuX1xuaiiE_6,-UuX1xuaiiE$_$6,0.5,4.057,4.0667,0.0097,1280,720,OK,1,1.0000,89184,0.096771,0.096771,4.0667,-0.0,1,1
-UuX1xuaiiE_6,-UuX1xuaiiE$_$6,0.85,6.8969,6.9,0.0031,1280,720,OK,1,1.0000,92007,0.099834,0.099834,6.8667,-0.0333,1,1
-a55Q6RWvTA_3,-a55Q6RWvTA$_$3,0.15,3.3231,3.3333,0.0102,480,270,OK,1,1.0000,3650,0.028165,0.028165,3.3333,0.0,1,1
-a55Q6RWvTA_3,-a55Q6RWvTA$_$3,0.5,11.077,11.0667,-0.0103,480,270,OK,1,1.0000,3541,0.027319,0.027319,11.0667,-0.0,1,1
-a55Q6RWvTA_3,-a55Q6RWvTA$_$3,0.85,18.8309,18.8333,0.0024,480,270,OK,1,1.0000,3634,0.028036,0.028036,18.8,-0.0333,1,1
-aNfi7CP8vM_7,-aNfi7CP8vM$_$7,0.15,1.3042,1.3,-0.0042,480,360,OK,1,0.9999,7843,0.045386,0.045386,1.2667,-0.0333,1,1
-aNfi7CP8vM_7,-aNfi7CP8vM$_$7,0.5,4.3475,4.3333,-0.0142,480,360,OK,1,1.0000,8407,0.048653,0.048653,4.3333,0.0,1,1
-aNfi7CP8vM_7,-aNfi7CP8vM$_$7,0.85,7.3907,7.4,0.0092,480,360,OK,1,1.0000,10594,0.061309,0.061309,7.4,0.0,1,1
-aqamKhZ1Ec_0,-aqamKhZ1Ec$_$0,0.15,1.645,1.6333,-0.0117,1280,720,OK,1,0.9998,83233,0.090314,0.090314,1.6,-0.0333,1,1
-aqamKhZ1Ec_0,-aqamKhZ1Ec$_$0,0.5,5.4833,5.5,0.0167,1280,720,OK,1,0.9998,82809,0.089854,0.089854,5.4667,-0.0333,1,1
-aqamKhZ1Ec_0,-aqamKhZ1Ec$_$0,0.85,9.3217,9.3333,0.0116,1280,720,OK,1,1.0000,73499,0.079752,0.079752,9.3333,0.0,1,1
-dxfTGcXJoc_0,-dxfTGcXJoc$_$0,0.15,3.075,3.0667,-0.0083,320,240,OK,0,,,,0.0,3.0667,-0.0,0,1
-dxfTGcXJoc_0,-dxfTGcXJoc$_$0,0.5,10.25,10.2667,0.0167,320,240,OK,1,1.0000,3422,0.044563,0.044563,10.2667,-0.0,1,1
-dxfTGcXJoc_0,-dxfTGcXJoc$_$0,0.85,17.425,17.4333,0.0083,320,240,OK,1,0.9998,3646,0.047471,0.047471,17.4,-0.0333,1,1
-dxfTGcXJoc_1,-dxfTGcXJoc$_$1,0.15,2.4242,2.4333,0.0092,320,240,OK,1,1.0000,3413,0.044436,0.044436,2.4,-0.0333,1,1
-dxfTGcXJoc_1,-dxfTGcXJoc$_$1,0.5,8.0805,8.0667,-0.0138,320,240,OK,1,0.9999,3706,0.048260,0.04826,8.0667,-0.0,1,1
-dxfTGcXJoc_1,-dxfTGcXJoc$_$1,0.85,13.7369,13.7333,-0.0035,320,240,OK,1,0.9999,3750,0.048834,0.048834,13.7333,0.0,1,1
-dxfTGcXJoc_2,-dxfTGcXJoc$_$2,0.15,2.5047,2.5,-0.0047,320,240,OK,1,1.0000,7330,0.095444,0.095444,2.4667,-0.0333,1,1
-dxfTGcXJoc_2,-dxfTGcXJoc$_$2,0.5,8.349,8.3333,-0.0157,320,240,OK,1,1.0000,6552,0.085318,0.085318,8.3333,0.0,1,1
-dxfTGcXJoc_2,-dxfTGcXJoc$_$2,0.85,14.1933,14.2,0.0067,320,240,OK,1,0.9998,6352,0.082708,0.082708,14.2,0.0,1,1
-dxfTGcXJoc_6,-dxfTGcXJoc$_$6,0.15,1.9102,1.9,-0.0102,320,240,OK,1,0.9999,4333,0.056413,0.056413,1.8667,-0.0333,1,1
-dxfTGcXJoc_6,-dxfTGcXJoc$_$6,0.5,6.3675,6.3667,-0.0008,320,240,OK,1,1.0000,3968,0.051662,0.051662,6.4,0.0333,1,1
-dxfTGcXJoc_6,-dxfTGcXJoc$_$6,0.85,10.8247,10.8333,0.0086,320,240,OK,1,0.9997,4165,0.054225,0.054225,10.8,-0.0333,1,1
-egA8-b7-3M_1,-egA8-b7-3M$_$1,0.15,1.5399,1.5333,-0.0066,640,360,OK,1,1.0000,12481,0.054172,0.054172,1.5333,0.0,1,1
-egA8-b7-3M_1,-egA8-b7-3M$_$1,0.5,5.133,5.1333,0.0003,640,360,OK,1,1.0000,13598,0.059018,0.059018,5.1333,0.0,1,1
-egA8-b7-3M_1,-egA8-b7-3M$_$1,0.85,8.7261,8.7333,0.0072,640,360,OK,1,1.0000,12922,0.056085,0.056085,8.7333,0.0,1,1
-egA8-b7-3M_13,-egA8-b7-3M$_$13,0.15,0.6276,0.6333,0.0057,640,360,OK,1,0.9996,11457,0.049726,0.049726,0.6,-0.0333,1,1
-egA8-b7-3M_13,-egA8-b7-3M$_$13,0.5,2.092,2.1,0.008,640,360,OK,1,0.9995,13026,0.056535,0.056535,2.0667,-0.0333,1,1
-egA8-b7-3M_13,-egA8-b7-3M$_$13,0.85,3.5564,3.5667,0.0103,640,360,OK,1,1.0000,13391,0.058121,0.058121,3.6,0.0333,1,1
-egA8-b7-3M_16,-egA8-b7-3M$_$16,0.15,0.8307,0.8333,0.0026,640,360,OK,1,1.0000,12217,0.053024,0.053024,0.8,-0.0333,1,1
-egA8-b7-3M_16,-egA8-b7-3M$_$16,0.5,2.769,2.7667,-0.0023,640,360,OK,1,1.0000,13142,0.057038,0.057038,2.8,0.0333,1,1
-egA8-b7-3M_16,-egA8-b7-3M$_$16,0.85,4.7073,4.7,-0.0073,640,360,OK,1,1.0000,13194,0.057266,0.057266,4.6667,-0.0333,1,1
-egA8-b7-3M_17,-egA8-b7-3M$_$17,0.15,1.0906,1.1,0.0094,640,360,OK,1,0.9999,11808,0.051248,0.051248,1.0667,-0.0333,1,1
-egA8-b7-3M_17,-egA8-b7-3M$_$17,0.5,3.6355,3.6333,-0.0022,640,360,OK,1,1.0000,13069,0.056725,0.056725,3.6,-0.0333,1,1
-egA8-b7-3M_17,-egA8-b7-3M$_$17,0.85,6.1803,6.1667,-0.0137,640,360,OK,1,1.0000,14732,0.063941,0.063941,6.2,0.0333,1,1
-egA8-b7-3M_18,-egA8-b7-3M$_$18,0.15,1.2579,1.2667,0.0088,640,360,OK,1,1.0000,13162,0.057128,0.057128,1.2667,-0.0,1,1
-egA8-b7-3M_18,-egA8-b7-3M$_$18,0.5,4.193,4.2,0.007,640,360,OK,1,1.0000,14427,0.062616,0.062616,4.2,0.0,1,1
-egA8-b7-3M_18,-egA8-b7-3M$_$18,0.85,7.1281,7.1333,0.0052,640,360,OK,1,0.9999,12226,0.053066,0.053066,7.1333,0.0,1,1
-egA8-b7-3M_20,-egA8-b7-3M$_$20,0.15,0.9967,1.0,0.0033,640,360,OK,1,0.9990,11490,0.049870,0.04987,1.0,0.0,1,1
-egA8-b7-3M_20,-egA8-b7-3M$_$20,0.5,3.3225,3.3333,0.0108,640,360,OK,1,0.9992,12971,0.056300,0.0563,3.3333,0.0,1,1
-egA8-b7-3M_20,-egA8-b7-3M$_$20,0.85,5.6482,5.6333,-0.0149,640,360,OK,1,1.0000,13633,0.059172,0.059172,5.6,-0.0333,1,1
-egA8-b7-3M_26,-egA8-b7-3M$_$26,0.15,0.9046,0.9,-0.0046,640,360,OK,2,1.0000;0.9787,13106;493,0.056884;0.002141,0.056884,0.8667,-0.0333,1,1
-egA8-b7-3M_26,-egA8-b7-3M$_$26,0.5,3.0155,3.0,-0.0155,640,360,OK,2,0.9999;0.9850,11959;452,0.051905;0.001964,0.051905,3.0,0.0,1,1
-egA8-b7-3M_26,-egA8-b7-3M$_$26,0.85,5.1263,5.1333,0.007,640,360,OK,2,1.0000;0.9913,13039;508,0.056594;0.002204,0.056594,5.1333,0.0,1,1
-egA8-b7-3M_6,-egA8-b7-3M$_$6,0.15,0.9397,0.9333,-0.0064,640,360,OK,1,1.0000,13331,0.057862,0.057862,0.9333,0.0,1,1
-egA8-b7-3M_6,-egA8-b7-3M$_$6,0.5,3.1325,3.1333,0.0008,640,360,OK,1,1.0000,13050,0.056640,0.05664,3.1333,0.0,1,1
-egA8-b7-3M_6,-egA8-b7-3M$_$6,0.85,5.3252,5.3333,0.0081,640,360,OK,1,1.0000,13167,0.057147,0.057147,5.3333,0.0,1,1
-egA8-b7-3M_9,-egA8-b7-3M$_$9,0.15,0.7635,0.7667,0.0032,640,360,OK,1,1.0000,14258,0.061884,0.061884,0.8,0.0333,1,1
-egA8-b7-3M_9,-egA8-b7-3M$_$9,0.5,2.545,2.5333,-0.0117,640,360,OK,1,0.9999,13603,0.059040,0.05904,2.5333,0.0,1,1
-egA8-b7-3M_9,-egA8-b7-3M$_$9,0.85,4.3265,4.3333,0.0068,640,360,OK,1,1.0000,13898,0.060321,0.060321,4.3333,0.0,1,1
-hnBHBN8p5A_6,-hnBHBN8p5A$_$6,0.15,0.9601,0.9593,-0.0009,1280,720,OK,1,0.9995,15693,0.017028,0.017028,0.9593,-0.0,1,1
-hnBHBN8p5A_6,-hnBHBN8p5A$_$6,0.5,3.2005,3.2115,0.011,1280,720,OK,1,0.9999,18764,0.020360,0.02036,3.2115,0.0,1,1
-hnBHBN8p5A_6,-hnBHBN8p5A$_$6,0.85,5.4408,5.4221,-0.0188,1280,720,OK,1,0.8689,2000,0.002170,0.00217,5.4221,-0.0,1,1
-hnBHBN8p5A_7,-hnBHBN8p5A$_$7,0.15,1.1058,1.1261,0.0203,1280,720,OK,1,0.9997,11748,0.012748,0.012748,1.0844,-0.0417,1,1
-hnBHBN8p5A_7,-hnBHBN8p5A$_$7,0.5,3.686,3.6703,-0.0157,1280,720,OK,2,1.0000;0.7598,12590;2679,0.013661;0.002907,0.013661,3.6703,0.0,1,1
-hnBHBN8p5A_7,-hnBHBN8p5A$_$7,0.85,6.2662,6.2563,-0.0099,1280,720,OK,1,1.0000,12880,0.013976,0.013976,6.298,0.0417,1,1
-iRBcNs9oI8_3,-iRBcNs9oI8$_$3,0.15,0.8432,0.8342,-0.009,1280,720,OK,1,1.0000,12691,0.013771,0.013771,0.8675,0.0333,1,1
-iRBcNs9oI8_3,-iRBcNs9oI8$_$3,0.5,2.8105,2.8028,-0.0077,1280,720,OK,2,1.0000;0.7585,11734;2504,0.012732;0.002717,0.012732,2.8028,0.0,1,1
-iRBcNs9oI8_3,-iRBcNs9oI8$_$3,0.85,4.7778,4.7714,-0.0064,1280,720,OK,2,1.0000;0.8624,11513;531,0.012492;0.000576,0.012492,4.7381,-0.0333,1,1
-iRBcNs9oI8_6,-iRBcNs9oI8$_$6,0.15,0.4355,0.4338,-0.0017,1280,720,OK,2,1.0000;0.7081,10795;288,0.011713;0.000312,0.011713,0.4671,0.0333,1,1
-iRBcNs9oI8_6,-iRBcNs9oI8$_$6,0.5,1.4515,1.4681,0.0166,1280,720,OK,1,1.0000,12137,0.013170,0.01317,1.4681,0.0,1,1
-iRBcNs9oI8_6,-iRBcNs9oI8$_$6,0.85,2.4676,2.4691,0.0016,1280,720,OK,1,1.0000,11703,0.012699,0.012699,2.4691,0.0,1,1
-iRBcNs9oI8_7,-iRBcNs9oI8$_$7,0.15,0.6156,0.6006,-0.015,1280,720,OK,1,1.0000,11705,0.012701,0.012701,0.6006,0.0,1,1
-iRBcNs9oI8_7,-iRBcNs9oI8$_$7,0.5,2.052,2.0354,-0.0166,1280,720,OK,2,0.9999;0.7342,11712;1216,0.012708;0.001319,0.012708,2.0687,0.0333,1,1
-iRBcNs9oI8_7,-iRBcNs9oI8$_$7,0.85,3.4884,3.5035,0.0151,1280,720,OK,1,1.0000,12040,0.013064,0.013064,3.4701,-0.0334,1,1
-iRBcNs9oI8_8,-iRBcNs9oI8$_$8,0.15,1.2139,1.2012,-0.0127,1280,720,OK,1,0.9999,11163,0.012112,0.012112,1.2012,0.0,1,1
-iRBcNs9oI8_8,-iRBcNs9oI8$_$8,0.5,4.0465,4.0374,-0.0091,1280,720,OK,1,1.0000,11420,0.012391,0.012391,4.0707,0.0333,1,1
-iRBcNs9oI8_8,-iRBcNs9oI8$_$8,0.85,6.879,6.8735,-0.0055,1280,720,OK,1,1.0000,10650,0.011556,0.011556,6.8735,0.0,1,1
-iRBcNs9oI8_9,-iRBcNs9oI8$_$9,0.15,0.5124,0.5005,-0.0119,1280,720,OK,1,0.9989,8247,0.008948,0.008948,0.5339,0.0334,1,1
-iRBcNs9oI8_9,-iRBcNs9oI8$_$9,0.5,1.708,1.7017,-0.0063,1280,720,OK,1,1.0000,12489,0.013551,0.013551,1.6683,-0.0334,1,1
-iRBcNs9oI8_9,-iRBcNs9oI8$_$9,0.85,2.9036,2.9029,-0.0007,1280,720,OK,1,0.9999,11355,0.012321,0.012321,2.8695,-0.0334,1,1
-lzEya4AM_4_5,-lzEya4AM_4$_$5,0.15,1.1512,1.1667,0.0154,470,360,OK,1,0.9998,5015,0.029637,0.029637,1.2,0.0333,1,1
-lzEya4AM_4_5,-lzEya4AM_4$_$5,0.5,3.8375,3.8333,-0.0042,470,360,OK,1,1.0000,4627,0.027348,0.027348,3.8,-0.0333,1,1
-lzEya4AM_4_5,-lzEya4AM_4$_$5,0.85,6.5237,6.5333,0.0096,470,360,OK,1,0.9997,5304,0.031347,0.031347,6.5333,0.0,1,1
-lzEya4AM_4_6,-lzEya4AM_4$_$6,0.15,2.2188,2.2333,0.0145,470,360,OK,1,0.9999,4717,0.027877,0.027877,2.2,-0.0333,1,1
-lzEya4AM_4_6,-lzEya4AM_4$_$6,0.5,7.396,7.4,0.004,470,360,OK,1,1.0000,5720,0.033805,0.033805,7.4,0.0,1,1
-lzEya4AM_4_6,-lzEya4AM_4$_$6,0.85,12.5732,12.5667,-0.0065,470,360,OK,1,1.0000,4996,0.029528,0.029528,12.6,0.0333,1,1
-mJ2ud6oKI8_1,-mJ2ud6oKI8$_$1,0.15,0.9154,0.9009,-0.0145,1280,720,OK,0,,,,0.0,0.8675,-0.0334,0,1
-mJ2ud6oKI8_1,-mJ2ud6oKI8$_$1,0.5,3.0515,3.0364,-0.0151,1280,720,OK,0,,,,0.0,3.0697,0.0333,0,1
-mJ2ud6oKI8_1,-mJ2ud6oKI8$_$1,0.85,5.1875,5.1718,-0.0157,1280,720,OK,0,,,,0.0,5.1385,-0.0333,0,1
-mJ2ud6oKI8_2,-mJ2ud6oKI8$_$2,0.15,0.8596,0.8675,0.0079,1280,720,OK,0,,,,0.0,0.8675,0.0,0,1
-mJ2ud6oKI8_2,-mJ2ud6oKI8$_$2,0.5,2.8655,2.8695,0.004,1280,720,OK,0,,,,0.0,2.8695,0.0,0,1
-mJ2ud6oKI8_2,-mJ2ud6oKI8$_$2,0.85,4.8713,4.8715,0.0002,1280,720,OK,1,1.0000,9792,0.010625,0.010625,4.8715,0.0,1,1
-mJ2ud6oKI8_6,-mJ2ud6oKI8$_$6,0.15,0.3386,0.3337,-0.0049,1280,720,OK,2,1.0000;0.8120,30256;385,0.032830;0.000418,0.03283,0.3337,-0.0,1,1
-mJ2ud6oKI8_6,-mJ2ud6oKI8$_$6,0.5,1.1285,1.1345,0.006,1280,720,OK,1,1.0000,28586,0.031018,0.031018,1.1345,-0.0,1,1
-mJ2ud6oKI8_6,-mJ2ud6oKI8$_$6,0.85,1.9184,1.9019,-0.0165,1280,720,OK,1,0.9995,29209,0.031693,0.031693,1.9353,0.0334,1,1
-mJ2ud6oKI8_8,-mJ2ud6oKI8$_$8,0.15,0.6288,0.634,0.0052,1280,720,OK,1,1.0000,29981,0.032531,0.032531,0.6673,0.0333,1,1
-mJ2ud6oKI8_8,-mJ2ud6oKI8$_$8,0.5,2.096,2.1021,0.0061,1280,720,OK,1,1.0000,26329,0.028569,0.028569,2.0687,-0.0334,1,1
-mJ2ud6oKI8_8,-mJ2ud6oKI8$_$8,0.85,3.5632,3.5702,0.007,1280,720,OK,1,1.0000,29852,0.032391,0.032391,3.5369,-0.0333,1,1
-mJ2ud6oKI8_9,-mJ2ud6oKI8$_$9,0.15,1.055,1.0677,0.0128,1280,720,OK,1,0.9999,27749,0.030109,0.030109,1.0677,0.0,1,1
-mJ2ud6oKI8_9,-mJ2ud6oKI8$_$9,0.5,3.5165,3.5035,-0.013,1280,720,OK,1,1.0000,26509,0.028764,0.028764,3.4701,-0.0334,1,1
-mJ2ud6oKI8_9,-mJ2ud6oKI8$_$9,0.85,5.9781,5.9726,-0.0054,1280,720,OK,1,0.9999,53867,0.058450,0.05845,5.9393,-0.0333,1,1
-mqbVkbCndg_0,-mqbVkbCndg$_$0,0.15,0.97,0.9667,-0.0033,1280,720,OK,1,0.9998,95926,0.104086,0.104086,1.0,0.0333,1,1
-mqbVkbCndg_0,-mqbVkbCndg$_$0,0.5,3.2334,3.2333,-0.0,1280,720,OK,1,0.9996,103059,0.111826,0.111826,3.2,-0.0333,1,1
-mqbVkbCndg_0,-mqbVkbCndg$_$0,0.85,5.4967,5.5,0.0033,1280,720,OK,1,0.9995,110613,0.120023,0.120023,5.4667,-0.0333,1,1
-qDkUB0GgYY_6,-qDkUB0GgYY$_$6,0.15,0.7017,0.7,-0.0017,360,360,OK,1,1.0000,27426,0.211618,0.211618,0.6667,-0.0333,1,1
-qDkUB0GgYY_6,-qDkUB0GgYY$_$6,0.5,2.339,2.3333,-0.0057,360,360,OK,1,1.0000,27094,0.209057,0.209057,2.3333,0.0,1,1
-qDkUB0GgYY_6,-qDkUB0GgYY$_$6,0.85,3.9763,3.9667,-0.0096,360,360,OK,1,0.9999,25911,0.199934,0.199934,4.0,0.0333,1,1
-ri04Z7vwnc_0,-ri04Z7vwnc$_$0,0.15,0.421,0.4171,-0.004,1280,720,OK,0,,,,0.0,0.4171,-0.0,0,1
-ri04Z7vwnc_0,-ri04Z7vwnc$_$0,0.5,1.4035,1.4181,0.0146,1280,720,OK,0,,,,0.0,1.4181,-0.0,0,1
-ri04Z7vwnc_0,-ri04Z7vwnc$_$0,0.85,2.3859,2.3774,-0.0086,1280,720,OK,0,,,,0.0,2.4191,0.0417,0,1
-ri04Z7vwnc_2,-ri04Z7vwnc$_$2,0.15,0.9041,0.9176,0.0135,1280,720,OK,0,,,,0.0,0.9593,0.0417,0,1
-ri04Z7vwnc_2,-ri04Z7vwnc$_$2,0.5,3.0135,3.003,-0.0105,1280,720,OK,0,,,,0.0,3.003,0.0,0,1
-ri04Z7vwnc_2,-ri04Z7vwnc$_$2,0.85,5.123,5.1301,0.0072,1280,720,OK,1,1.0000,25843,0.028042,0.028042,5.0884,-0.0417,1,1
-ri04Z7vwnc_5,-ri04Z7vwnc$_$5,0.15,0.5317,0.5422,0.0105,1280,720,OK,1,1.0000,36154,0.039229,0.039229,0.5422,0.0,1,1
-ri04Z7vwnc_5,-ri04Z7vwnc$_$5,0.5,1.7725,1.7518,-0.0207,1280,720,OK,1,1.0000,37170,0.040332,0.040332,1.7518,-0.0,1,1
-ri04Z7vwnc_5,-ri04Z7vwnc$_$5,0.85,3.0132,3.003,-0.0102,1280,720,OK,2,1.0000;0.7078,39305;513,0.042648;0.000557,0.042648,3.003,0.0,1,1
-s9qJ7ATP7w_0,-s9qJ7ATP7w$_$0,0.15,1.02,1.0333,0.0133,1280,720,OK,2,1.0000;0.9995,23367;4924,0.025355;0.005342,0.025355,1.0,-0.0333,1,1
-s9qJ7ATP7w_0,-s9qJ7ATP7w$_$0,0.5,3.4,3.4,0.0,1280,720,OK,2,1.0000;0.9996,24988;4932,0.027113;0.005352,0.027113,3.4,0.0,1,1
-s9qJ7ATP7w_0,-s9qJ7ATP7w$_$0,0.85,5.78,5.7667,-0.0133,1280,720,OK,2,1.0000;0.9996,22337;4998,0.024237;0.005423,0.024237,5.8,0.0333,1,1
-s9qJ7ATP7w_1,-s9qJ7ATP7w$_$1,0.15,0.7188,0.7333,0.0145,1280,720,OK,2,1.0000;0.9995,23313;5044,0.025296;0.005473,0.025296,0.7333,0.0,1,1
-s9qJ7ATP7w_1,-s9qJ7ATP7w$_$1,0.5,2.396,2.4,0.004,1280,720,OK,2,1.0000;0.9998,20579;4976,0.022330;0.005400,0.02233,2.4,0.0,1,1
-s9qJ7ATP7w_1,-s9qJ7ATP7w$_$1,0.85,4.0732,4.0667,-0.0065,1280,720,OK,2,1.0000;0.9997,20931;4899,0.022712;0.005316,0.022712,4.0667,-0.0,1,1
-s9qJ7ATP7w_4,-s9qJ7ATP7w$_$4,0.15,0.664,0.6667,0.0026,1280,720,OK,3,0.9999;0.9998;0.9897,2155;1911;342,0.002339;0.002073;0.000371,0.002339,0.6667,-0.0,1,1
-s9qJ7ATP7w_4,-s9qJ7ATP7w$_$4,0.5,2.2135,2.2,-0.0135,1280,720,OK,1,1.0000,23826,0.025853,0.025853,2.2,0.0,1,1
-s9qJ7ATP7w_4,-s9qJ7ATP7w$_$4,0.85,3.7629,3.7667,0.0037,1280,720,OK,1,1.0000,25735,0.027924,0.027924,3.8,0.0333,1,1
-s9qJ7ATP7w_5,-s9qJ7ATP7w$_$5,0.15,1.2841,1.3,0.0159,1280,720,OK,1,1.0000,26076,0.028294,0.028294,1.2667,-0.0333,1,1
-s9qJ7ATP7w_5,-s9qJ7ATP7w$_$5,0.5,4.2805,4.2667,-0.0138,1280,720,OK,1,1.0000,26030,0.028244,0.028244,4.2667,-0.0,1,1
-s9qJ7ATP7w_5,-s9qJ7ATP7w$_$5,0.85,7.2768,7.2667,-0.0102,1280,720,OK,1,1.0000,24358,0.026430,0.02643,7.2667,-0.0,1,1
-s9qJ7ATP7w_6,-s9qJ7ATP7w$_$6,0.15,0.3713,0.3667,-0.0046,1280,720,OK,1,1.0000,23324,0.025308,0.025308,0.4,0.0333,1,1
-s9qJ7ATP7w_6,-s9qJ7ATP7w$_$6,0.5,1.2375,1.2333,-0.0042,1280,720,OK,1,1.0000,23831,0.025858,0.025858,1.2,-0.0333,1,1
-s9qJ7ATP7w_6,-s9qJ7ATP7w$_$6,0.85,2.1038,2.1,-0.0038,1280,720,OK,0,,,,0.0,2.0667,-0.0333,0,1
-s9qJ7ATP7w_7,-s9qJ7ATP7w$_$7,0.15,1.0449,1.0333,-0.0116,1280,720,OK,0,,,,0.0,1.0,-0.0333,0,1
-s9qJ7ATP7w_7,-s9qJ7ATP7w$_$7,0.5,3.483,3.4667,-0.0163,1280,720,OK,2,1.0000;0.9997,75537;4946,0.081963;0.005367,0.081963,3.4667,-0.0,1,1
-s9qJ7ATP7w_7,-s9qJ7ATP7w$_$7,0.85,5.9211,5.9333,0.0122,1280,720,OK,2,1.0000;0.9993,77891;4731,0.084517;0.005134,0.084517,5.9333,0.0,1,1
-s9qJ7ATP7w_8,-s9qJ7ATP7w$_$8,0.15,0.4942,0.5,0.0058,1280,720,OK,2,1.0000;0.9986,90365;4704,0.098052;0.005104,0.098052,0.4667,-0.0333,1,1
-s9qJ7ATP7w_8,-s9qJ7ATP7w$_$8,0.5,1.6475,1.6333,-0.0142,1280,720,OK,2,1.0000;0.9996,82678;4999,0.089711;0.005425,0.089711,1.6,-0.0333,1,1
-s9qJ7ATP7w_8,-s9qJ7ATP7w$_$8,0.85,2.8007,2.8,-0.0008,1280,720,OK,2,1.0000;0.9999,77506;4819,0.084099;0.005229,0.084099,2.8,0.0,1,1
-t217m2on-s_2,-t217m2on-s$_$2,0.15,0.8529,0.8667,0.0138,480,270,OK,1,0.9971,3942,0.030416,0.030416,0.8667,-0.0,1,1
-t217m2on-s_2,-t217m2on-s$_$2,0.5,2.843,2.8333,-0.0097,480,270,OK,1,0.9995,4101,0.031643,0.031643,2.8,-0.0333,1,1
-t217m2on-s_2,-t217m2on-s$_$2,0.85,4.8331,4.8333,0.0002,480,270,OK,1,0.9996,3823,0.029497,0.029497,4.8,-0.0333,1,1
-t217m2on-s_7,-t217m2on-s$_$7,0.15,2.5774,2.5667,-0.0108,480,270,OK,1,0.9994,3601,0.027783,0.027783,2.6,0.0333,1,1
-t217m2on-s_7,-t217m2on-s$_$7,0.5,8.5915,8.6,0.0085,480,270,OK,1,0.9995,3845,0.029667,0.029667,8.6,0.0,1,1
-t217m2on-s_7,-t217m2on-s$_$7,0.85,14.6055,14.6,-0.0055,480,270,OK,1,0.9982,4099,0.031631,0.031631,14.6,0.0,1,1
-tANM6ETl_M_3,-tANM6ETl_M$_$3,0.15,1.0137,1.0,-0.0137,1280,720,OK,1,1.0000,45613,0.049494,0.049494,1.0,0.0,1,1
-tANM6ETl_M_3,-tANM6ETl_M$_$3,0.5,3.379,3.3667,-0.0123,1280,720,OK,1,0.9999,45946,0.049854,0.049854,3.4,0.0333,1,1
-tANM6ETl_M_3,-tANM6ETl_M$_$3,0.85,5.7443,5.7333,-0.011,1280,720,OK,1,0.9999,45463,0.049331,0.049331,5.7333,0.0,1,1
-tPCytz4rww_10,-tPCytz4rww$_$10,0.15,0.7183,0.7333,0.015,480,270,OK,1,1.0000,5067,0.039097,0.039097,0.7333,0.0,1,1
-tPCytz4rww_10,-tPCytz4rww$_$10,0.5,2.3945,2.4,0.0055,480,270,OK,1,1.0000,5169,0.039886,0.039886,2.4,0.0,1,1
-tPCytz4rww_10,-tPCytz4rww$_$10,0.85,4.0706,4.0667,-0.004,480,270,OK,1,0.9999,4047,0.031230,0.03123,4.0667,-0.0,1,1
-tPCytz4rww_11,-tPCytz4rww$_$11,0.15,0.82,0.8333,0.0133,480,270,OK,1,1.0000,4761,0.036737,0.036737,0.8,-0.0333,1,1
-tPCytz4rww_11,-tPCytz4rww$_$11,0.5,2.7335,2.7333,-0.0002,480,270,OK,2,1.0000;0.7603,4972;190,0.038367;0.001470,0.038367,2.7333,0.0,1,1
-tPCytz4rww_11,-tPCytz4rww$_$11,0.85,4.6469,4.6333,-0.0136,480,270,OK,1,0.9998,4608,0.035558,0.035558,4.6,-0.0333,1,1
-tPCytz4rww_12,-tPCytz4rww$_$12,0.15,1.7796,1.7667,-0.0129,480,270,OK,1,1.0000,4839,0.037341,0.037341,1.8,0.0333,1,1
-tPCytz4rww_12,-tPCytz4rww$_$12,0.5,5.932,5.9333,0.0013,480,270,OK,1,1.0000,5547,0.042798,0.042798,5.9333,0.0,1,1
-tPCytz4rww_12,-tPCytz4rww$_$12,0.85,10.0844,10.1,0.0156,480,270,OK,2,0.9999;0.8379,4878;174,0.037642;0.001342,0.037642,10.1333,0.0333,1,1
-tPCytz4rww_16,-tPCytz4rww$_$16,0.15,1.0809,1.0667,-0.0142,480,270,OK,1,1.0000,4707,0.036321,0.036321,1.0667,-0.0,1,1
-tPCytz4rww_16,-tPCytz4rww$_$16,0.5,3.603,3.6,-0.003,480,270,OK,1,1.0000,4824,0.037219,0.037219,3.6,0.0,1,1
-tPCytz4rww_16,-tPCytz4rww$_$16,0.85,6.1251,6.1333,0.0082,480,270,OK,1,1.0000,4592,0.035432,0.035432,6.1333,0.0,1,1
-tPCytz4rww_18,-tPCytz4rww$_$18,0.15,0.9967,1.0,0.0033,480,270,OK,2,1.0000;0.8661,4898;210,0.037795;0.001623,0.037795,1.0,0.0,1,1
-tPCytz4rww_18,-tPCytz4rww$_$18,0.5,3.3225,3.3333,0.0108,480,270,OK,1,1.0000,4807,0.037093,0.037093,3.3333,0.0,1,1
-tPCytz4rww_18,-tPCytz4rww$_$18,0.85,5.6482,5.6333,-0.0149,480,270,OK,1,0.9999,4852,0.037436,0.037436,5.6,-0.0333,1,1
-uywlfIYOS8_4,-uywlfIYOS8$_$4,0.15,0.9067,0.9,-0.0067,480,270,OK,1,0.9999,8090,0.062426,0.062426,0.8667,-0.0333,1,1
-uywlfIYOS8_4,-uywlfIYOS8$_$4,0.5,3.0225,3.0333,0.0108,480,270,OK,1,1.0000,8711,0.067217,0.067217,3.0,-0.0333,1,1
-uywlfIYOS8_4,-uywlfIYOS8$_$4,0.85,5.1383,5.1333,-0.0049,480,270,OK,1,1.0000,7745,0.059762,0.059762,5.1333,0.0,1,1
-vxjVxOeScU_4,-vxjVxOeScU$_$4,0.15,1.3691,1.3667,-0.0024,480,360,OK,1,0.9992,8301,0.048036,0.048036,1.4,0.0333,1,1
-vxjVxOeScU_4,-vxjVxOeScU$_$4,0.5,4.5635,4.5667,0.0032,480,360,OK,1,1.0000,8233,0.047647,0.047647,4.6,0.0333,1,1
-vxjVxOeScU_4,-vxjVxOeScU$_$4,0.85,7.758,7.7667,0.0087,480,360,OK,2,0.7854;1.0000,9380;8543,0.054284;0.049440,0.054284,7.8,0.0333,1,1
-wMB_hJL-3o_7,-wMB_hJL-3o$_$7,0.15,0.9066,0.9,-0.0066,480,360,OK,1,1.0000,7341,0.042482,0.042482,0.8667,-0.0333,1,1
-wMB_hJL-3o_7,-wMB_hJL-3o$_$7,0.5,3.022,3.0333,0.0113,480,360,OK,1,1.0000,7938,0.045939,0.045939,3.0,-0.0333,1,1
-wMB_hJL-3o_7,-wMB_hJL-3o$_$7,0.85,5.1374,5.1333,-0.0041,480,360,OK,1,0.9999,8085,0.046791,0.046791,5.1333,0.0,1,1
-wny0OAz3g8_0,-wny0OAz3g8$_$0,0.15,0.5,0.5,0.0,1280,720,OK,1,0.9968,36553,0.039663,0.039663,0.4667,-0.0333,1,1
-wny0OAz3g8_0,-wny0OAz3g8$_$0,0.5,1.6666,1.6667,0.0,1280,720,OK,1,0.9985,34744,0.037700,0.0377,1.6667,-0.0,1,1
-wny0OAz3g8_0,-wny0OAz3g8$_$0,0.85,2.8333,2.8333,0.0,1280,720,OK,1,0.9996,13200,0.014323,0.014323,2.8,-0.0333,1,1
-wny0OAz3g8_1,-wny0OAz3g8$_$1,0.15,1.0266,1.0333,0.0067,1280,720,OK,2,0.9984;0.8193,13799;1220,0.014973;0.001324,0.014973,1.0,-0.0333,1,1
-wny0OAz3g8_1,-wny0OAz3g8$_$1,0.5,3.422,3.4333,0.0113,1280,720,OK,1,0.9993,16083,0.017451,0.017451,3.4,-0.0333,1,1
-wny0OAz3g8_1,-wny0OAz3g8$_$1,0.85,5.8174,5.8333,0.0159,1280,720,OK,1,0.9998,13973,0.015162,0.015162,5.8,-0.0333,1,1
-wny0OAz3g8_2,-wny0OAz3g8$_$2,0.15,1.003,1.0,-0.003,1280,720,OK,1,0.9998,34939,0.037911,0.037911,1.0,0.0,1,1
-wny0OAz3g8_2,-wny0OAz3g8$_$2,0.5,3.3435,3.3333,-0.0102,1280,720,OK,1,0.9998,31676,0.034371,0.034371,3.3333,0.0,1,1
-wny0OAz3g8_2,-wny0OAz3g8$_$2,0.85,5.684,5.7,0.016,1280,720,OK,1,0.9997,32756,0.035543,0.035543,5.6667,-0.0333,1,1
-wny0OAz3g8_3,-wny0OAz3g8$_$3,0.15,0.9219,0.9333,0.0114,1280,720,OK,1,0.9990,15496,0.016814,0.016814,0.9333,0.0,1,1
-wny0OAz3g8_3,-wny0OAz3g8$_$3,0.5,3.073,3.0667,-0.0063,1280,720,OK,1,0.9998,14549,0.015787,0.015787,3.0667,-0.0,1,1
-wny0OAz3g8_3,-wny0OAz3g8$_$3,0.85,5.2241,5.2333,0.0092,1280,720,OK,1,0.9992,15004,0.016280,0.01628,5.2,-0.0333,1,1
-wny0OAz3g8_5,-wny0OAz3g8$_$5,0.15,1.0368,1.0333,-0.0035,1280,720,OK,3,0.9993;0.7566;0.7060,15353;4077;1165,0.016659;0.004424;0.001264,0.016659,1.0,-0.0333,1,1
-wny0OAz3g8_5,-wny0OAz3g8$_$5,0.5,3.456,3.4667,0.0107,1280,720,OK,1,1.0000,10659,0.011566,0.011566,3.4667,-0.0,1,1
-wny0OAz3g8_5,-wny0OAz3g8$_$5,0.85,5.8752,5.8667,-0.0085,1280,720,OK,2,0.9996;0.7103,14053;952,0.015248;0.001033,0.015248,5.8667,-0.0,1,1
-wny0OAz3g8_7,-wny0OAz3g8$_$7,0.15,1.2102,1.2,-0.0102,1280,720,OK,1,0.9996,14275,0.015490,0.01549,1.2,0.0,1,1
-wny0OAz3g8_7,-wny0OAz3g8$_$7,0.5,4.034,4.0333,-0.0007,1280,720,OK,2,1.0000;0.7005,14828;1122,0.016089;0.001217,0.016089,4.0,-0.0333,1,1
-wny0OAz3g8_7,-wny0OAz3g8$_$7,0.85,6.8578,6.8667,0.0089,1280,720,OK,2,0.9993;0.7534,14925;1148,0.016195;0.001246,0.016195,6.8667,-0.0,1,1
-wny0OAz3g8_9,-wny0OAz3g8$_$9,0.15,0.9319,0.9333,0.0014,1280,720,OK,1,1.0000,30049,0.032606,0.032606,0.9333,0.0,1,1
-wny0OAz3g8_9,-wny0OAz3g8$_$9,0.5,3.1065,3.1,-0.0065,1280,720,OK,1,0.9988,33717,0.036586,0.036586,3.0667,-0.0333,1,1
-wny0OAz3g8_9,-wny0OAz3g8$_$9,0.85,5.281,5.2667,-0.0144,1280,720,OK,1,0.9992,32491,0.035255,0.035255,5.2667,-0.0,1,1
-yRb-Jum7EQ_1,-yRb-Jum7EQ$_$1,0.15,4.3932,4.4,0.0068,1280,720,OK,2,1.0000;1.0000,26833;25442,0.029116;0.027606,0.029116,4.4,0.0,1,1
-yRb-Jum7EQ_1,-yRb-Jum7EQ$_$1,0.5,14.644,14.6333,-0.0107,1280,720,OK,1,1.0000,51677,0.056073,0.056073,14.6,-0.0333,1,1
-yRb-Jum7EQ_1,-yRb-Jum7EQ$_$1,0.85,24.8948,24.9,0.0052,1280,720,OK,1,1.0000,55203,0.059899,0.059899,24.8667,-0.0333,1,1
-yRb-Jum7EQ_5,-yRb-Jum7EQ$_$5,0.15,1.9753,1.9667,-0.0087,1280,720,OK,1,1.0000,50262,0.054537,0.054537,2.0,0.0333,1,1
-yRb-Jum7EQ_5,-yRb-Jum7EQ$_$5,0.5,6.5845,6.6,0.0155,1280,720,OK,1,1.0000,53494,0.058045,0.058045,6.6,0.0,1,1
-yRb-Jum7EQ_5,-yRb-Jum7EQ$_$5,0.85,11.1936,11.2,0.0063,1280,720,OK,1,1.0000,51348,0.055716,0.055716,11.2,0.0,1,1
-yRb-Jum7EQ_6,-yRb-Jum7EQ$_$6,0.15,1.6839,1.7,0.0161,1280,720,OK,1,1.0000,53666,0.058231,0.058231,1.7333,0.0333,1,1
-yRb-Jum7EQ_6,-yRb-Jum7EQ$_$6,0.5,5.613,5.6,-0.013,1280,720,OK,1,1.0000,54048,0.058646,0.058646,5.6,0.0,1,1
-yRb-Jum7EQ_6,-yRb-Jum7EQ$_$6,0.85,9.5421,9.5333,-0.0088,1280,720,OK,1,1.0000,57524,0.062418,0.062418,9.5333,0.0,1,1
