sample_id,official_id,video_id,clip_id,detector_ok,status,note,n_frames_probed,probe_fracs,probe_target_t_sec,probe_actual_t_sec,seek_delta_max_sec,n_faces,face_probs,max_face_count,max_face_area_ratio,box_area_ratio_median,frame_width,frame_height,nearest_vision_pts_sec,vision_face_flag,n_compared,n_agree,agree_with_extractor
-3g5yACwYnA_13,-3g5yACwYnA$_$13,-3g5yACwYnA,13,1,OK,,3,0.15;0.50;0.85,0.8271;2.7570;4.6869,0.8333;2.7667;4.7000,0.0131,1;1;1,1.0000;1.0000;1.0000,1,0.086955,0.085944,1280,720,0.8;2.8;4.6667,1;1;1,3,3,1.0
-3g5yACwYnA_2,-3g5yACwYnA$_$2,-3g5yACwYnA,2,1,OK,,3,0.15;0.50;0.85,1.4091;4.6970;7.9849,1.4000;4.7000;8.0000,0.0151,1;1;1,1.0000;1.0000;1.0000,1,0.089534,0.089077,1280,720,1.4;4.6667;8.0,1;1;1,3,3,1.0
-3g5yACwYnA_3,-3g5yACwYnA$_$3,-3g5yACwYnA,3,1,OK,,3,0.15;0.50;0.85,2.1583;7.1945;12.2306,2.1667;7.2000;12.2333,0.0083,1;1;1,1.0000;1.0000;1.0000,1,0.088753,0.088588,1280,720,2.2;7.2;12.2,1;1;1,3,3,1.0
-3g5yACwYnA_9,-3g5yACwYnA$_$9,-3g5yACwYnA,9,1,OK,,3,0.15;0.50;0.85,1.3225;4.4085;7.4944,1.3333;4.4000;7.5000,0.0108,1;1;1,1.0000;1.0000;1.0000,1,0.090627,0.088817,1280,720,1.3333;4.4;7.4667,1;1;1,3,3,1.0
-3nNcZdcdvU_5,-3nNcZdcdvU$_$5,-3nNcZdcdvU,5,1,OK,,3,0.15;0.50;0.85,1.1802;3.9340;6.6878,1.1667;3.9333;6.7000,0.0135,1;1;1,1.0000;0.9998;1.0000,1,0.051236,0.050727,320,240,1.2;3.9333;6.6667,1;1;1,3,3,1.0
-571d8cVauQ_0,-571d8cVauQ$_$0,-571d8cVauQ,0,1,OK,,3,0.15;0.50;0.85,0.7600;2.5333;4.3067,0.7667;2.5333;4.3000,0.0067,1;1;1,1.0000;1.0000;1.0000,1,0.069104,0.068767,486,360,0.8;2.5333;4.2667,1;1;1,3,3,1.0
-571d8cVauQ_5,-571d8cVauQ$_$5,-571d8cVauQ,5,1,OK,,3,0.15;0.50;0.85,2.2910;7.6365;12.9820,2.3000;7.6333;12.9667,0.0154,1;1;1,1.0000;1.0000;1.0000,1,0.050613,0.042867,486,360,2.2667;7.6;13.0,1;1;1,3,3,1.0
-6rXp3zJ3kc_8,-6rXp3zJ3kc$_$8,-6rXp3zJ3kc,8,1,OK,,3,0.15;0.50;0.85,1.9207;6.4025;10.8842,1.9333;6.4000;10.9000,0.0158,1;1;1,1.0000;0.9999;1.0000,1,0.057782,0.054983,480,270,1.9333;6.4;10.8667,1;1;1,3,3,1.0
-9y-fZ3swSY_0,-9y-fZ3swSY$_$0,-9y-fZ3swSY,0,1,OK,,3,0.15;0.50;0.85,1.0250;3.4167;5.8083,1.0333;3.4000;5.8000,0.0167,1;1;1,1.0000;1.0000;1.0000,1,0.024738,0.021372,1280,720,1.0;3.4;5.8,1;1;1,3,3,1.0
-9y-fZ3swSY_4,-9y-fZ3swSY$_$4,-9y-fZ3swSY,4,1,OK,,3,0.15;0.50;0.85,0.4232;1.4105;2.3979,0.4333;1.4000;2.4000,0.0105,1;1;1,1.0000;1.0000;1.0000,1,0.025842,0.021383,1280,720,0.4;1.4;2.4,1;1;1,3,3,1.0
-9y-fZ3swSY_8,-9y-fZ3swSY$_$8,-9y-fZ3swSY,8,1,OK,,3,0.15;0.50;0.85,0.7483;2.4945;4.2406,0.7333;2.5000;4.2333,0.015,1;1;1,1.0000;1.0000;1.0000,1,0.020015,0.019933,1280,720,0.7333;2.4667;4.2,1;1;1,3,3,1.0
-AUZQgSxyPQ_2,-AUZQgSxyPQ$_$2,-AUZQgSxyPQ,2,1,OK,,3,0.15;0.50;0.85,3.3766;11.2555;19.1343,3.3667;11.2667;19.1333,0.0112,1;1;1,0.9995;0.9999;1.0000,1,0.056799,0.054351,1280,720,3.4;11.2667;19.1333,1;1;1,3,3,1.0
-HeZS2-Prhc_2,-HeZS2-Prhc$_$2,-HeZS2-Prhc,2,1,OK,,3,0.15;0.50;0.85,1.2393;4.1310;7.0227,1.2333;4.1333;7.0333,0.0106,1;1;1,1.0000;1.0000;1.0000,1,0.271811,0.265249,360,360,1.2;4.1333;7.0,1;1;1,3,3,1.0
-HwX2H8Z4hY_2,-HwX2H8Z4hY$_$2,-HwX2H8Z4hY,2,1,OK,,3,0.15;0.50;0.85,0.5973;1.9910;3.3847,0.6000;2.0000;3.4000,0.0153,2;2;1,0.9097;0.9473;0.9289;0.9473;1.0000,2,0.157062,0.001611,1280,720,0.6;2.0;3.4,1;1;1,3,3,1.0
-HwX2H8Z4hY_5,-HwX2H8Z4hY$_$5,-HwX2H8Z4hY,5,1,OK,,3,0.15;0.50;0.85,0.8479;2.8265;4.8050,0.8333;2.8333;4.8000,0.0146,1;1;1,1.0000;0.9757;0.9940,1,0.220941,0.21043,1280,720,0.8;2.8;4.8,1;1;1,3,3,1.0
-HwX2H8Z4hY_6,-HwX2H8Z4hY$_$6,-HwX2H8Z4hY,6,1,OK,,3,0.15;0.50;0.85,0.5037;1.6790;2.8543,0.5000;1.6667;2.8667,0.0124,1;1;1,1.0000;1.0000;0.9619,1,0.266258,0.204884,1280,720,0.4667;1.6667;2.8667,1;1;1,3,3,1.0
-HwX2H8Z4hY_9,-HwX2H8Z4hY$_$9,-HwX2H8Z4hY,9,1,OK,,3,0.15;0.50;0.85,1.1601;3.8670;6.5739,1.1667;3.8667;6.5667,0.0072,0;1;0,;0.9518;,1,0.013767,0.0,1280,720,1.2;3.8667;6.6,0;1;0,3,3,1.0
-I_e4mIh0yE_1,-I_e4mIh0yE$_$1,-I_e4mIh0yE,1,1,OK,,3,0.15;0.50;0.85,1.1433;3.8110;6.4787,1.1333;3.8000;6.4667,0.012,1;1;1,1.0000;0.9976;1.0000,1,0.077432,0.076762,640,360,1.1333;3.8;6.4667,1;1;1,3,3,1.0
-I_e4mIh0yE_3,-I_e4mIh0yE$_$3,-I_e4mIh0yE,3,1,OK,,3,0.15;0.50;0.85,1.3744;4.5815;7.7885,1.3667;4.5667;7.8000,0.0148,1;1;1,1.0000;1.0000;1.0000,1,0.075602,0.074206,640,360,1.4;4.6;7.8,1;1;1,3,3,1.0
-MeTTeMJBNc_0,-MeTTeMJBNc$_$0,-MeTTeMJBNc,0,1,OK,,3,0.15;0.50;0.85,1.3950;4.6500;7.9050,1.4000;4.6667;7.9000,0.0167,2;1;1,0.7352;0.9999;0.9993;0.9999,2,0.040534,0.040447,470,360,1.4;4.6667;7.8667,1;1;1,3,3,1.0
-MeTTeMJBNc_13,-MeTTeMJBNc$_$13,-MeTTeMJBNc,13,1,OK,,3,0.15;0.50;0.85,0.8145;2.7150;4.6155,0.8000;2.7000;4.6000,0.0155,1;1;1,0.9997;0.9999;1.0000,1,0.041946,0.041341,470,360,0.8;2.6667;4.6,1;1;1,3,3,1.0
-MeTTeMJBNc_7,-MeTTeMJBNc$_$7,-MeTTeMJBNc,7,1,OK,,3,0.15;0.50;0.85,1.5775;5.2585;8.9394,1.5667;5.2667;8.9333,0.0109,1;1;1,1.0000;0.9992;0.9995,1,0.040259,0.040154,470,360,1.6;5.2667;8.9333,1;1;1,3,3,1.0
-NFrJFQijFE_1,-NFrJFQijFE$_$1,-NFrJFQijFE,1,1,OK,,3,0.15;0.50;0.85,0.8619;2.8730;4.8841,0.8800;2.8800;4.8800,0.0181,0;0;0,;;,0,0.0,0.0,1280,720,0.88;2.88;4.88,0;0;0,3,3,1.0
-NFrJFQijFE_2,-NFrJFQijFE$_$2,-NFrJFQijFE,2,1,OK,,3,0.15;0.50;0.85,1.0284;3.4280;5.8276,1.0400;3.4400;5.8400,0.0124,1;0;0,0.7396;;,1,0.001585,0.0,1280,720,1.0;3.4;5.8,1;0;0,3,3,1.0
-RfYyzHpjk4_11,-RfYyzHpjk4$_$11,-RfYyzHpjk4,11,1,OK,,3,0.15;0.50;0.85,0.7858;2.6195;4.4531,0.8000;2.6333;4.4667,0.0142,1;1;1,0.9994;1.0000;0.9999,1,0.054512,0.047174,1280,720,0.8;2.6;4.4667,1;1;1,3,3,1.0
-RfYyzHpjk4_2,-RfYyzHpjk4$_$2,-RfYyzHpjk4,2,1,OK,,3,0.15;0.50;0.85,0.8274;2.7580;4.6886,0.8333;2.7667;4.7000,0.0114,1;1;1,1.0000;0.9994;1.0000,1,0.01999,0.019884,1280,720,0.8;2.8;4.6667,1;1;1,3,3,1.0
-RfYyzHpjk4_8,-RfYyzHpjk4$_$8,-RfYyzHpjk4,8,1,OK,,3,0.15;0.50;0.85,0.6884;2.2945;3.9007,0.7000;2.3000;3.9000,0.0116,1;1;1,1.0000;0.9999;1.0000,1,0.054915,0.049932,1280,720,0.6667;2.2667;3.9333,1;1;1,3,3,1.0
-THoVjtIkeU_12,-THoVjtIkeU$_$12,-THoVjtIkeU,12,1,OK,,3,0.15;0.50;0.85,2.2344;7.4480;12.6616,2.2333;7.4333;12.6667,0.0147,1;1;1,1.0000;0.9999;0.9999,1,0.110266,0.104798,640,360,2.2;7.4;12.6667,1;1;1,3,3,1.0
-THoVjtIkeU_2,-THoVjtIkeU$_$2,-THoVjtIkeU,2,1,OK,,3,0.15;0.50;0.85,0.6438;2.1460;3.6482,0.6333;2.1333;3.6333,0.0149,1;1;1,1.0000;1.0000;1.0000,1,0.127475,0.124275,640,360,0.6;2.1333;3.6,1;1;1,3,3,1.0
-THoVjtIkeU_6,-THoVjtIkeU$_$6,-THoVjtIkeU,6,1,OK,,3,0.15;0.50;0.85,1.2145;4.0485;6.8824,1.2000;4.0333;6.8667,0.0158,1;1;1,0.9998;1.0000;1.0000,1,0.099828,0.097017,640,360,1.2;4.0;6.8667,1;1;1,3,3,1.0
-UUCSKoHeMA_0,-UUCSKoHeMA$_$0,-UUCSKoHeMA,0,1,OK,,3,0.15;0.50;0.85,1.1700;3.9000;6.6300,1.1667;3.9000;6.6333,0.0033,1;1;1,1.0000;1.0000;0.9996,1,0.095298,0.093825,470,360,1.2;3.9333;6.6,1;1;1,3,3,1.0
-UacrmKiTn4_10,-UacrmKiTn4$_$10,-UacrmKiTn4,10,1,OK,,3,0.15;0.50;0.85,1.1043;3.6810;6.2577,1.1000;3.6667;6.2667,0.0143,1;1;1,1.0000;0.9998;0.9995,1,0.096834,0.093808,470,360,1.0667;3.6667;6.2667,1;1;1,3,3,1.0
-UacrmKiTn4_4,-UacrmKiTn4$_$4,-UacrmKiTn4,4,1,OK,,3,0.15;0.50;0.85,0.7111;2.3705;4.0298,0.7000;2.3667;4.0333,0.0111,1;1;2,0.9998;1.0000;0.9995;0.7005,2,0.10157,0.09749,470,360,0.6667;2.4;4.0,1;1;1,3,3,1.0
-UuX1xuaiiE_0,-UuX1xuaiiE$_$0,-UuX1xuaiiE,0,1,OK,,3,0.15;0.50;0.85,0.5450;1.8167;3.0883,0.5333;1.8000;3.1000,0.0167,1;4;4,0.9998;0.9992;0.9978;0.9982;0.9844;0.9999;1.0000;0.9949;0.9966,4,0.050775,0.009816,1280,720,0.5333;1.8;3.0667,1;1;1,3,3,1.0
-UuX1xuaiiE_1,-UuX1xuaiiE$_$1,-UuX1xuaiiE,1,1,OK,,3,0.15;0.50;0.85,1.5525;5.1750;8.7975,1.5667;5.1667;8.8000,0.0142,4;8;9,0.9999;0.9991;0.9997;0.9989;0.9977;0.7646;0.9999;0.9988;0.9937;0.9995;0.9995;0.9954;0.9991;0.8811;1.0000;0.9994;0.9957;0.9991;0.9993;0.9967;0.7956,9,0.013234,0.012043,1280,720,1.6;5.2;8.8,1;1;1,3,3,1.0
-UuX1xuaiiE_3,-UuX1xuaiiE$_$3,-UuX1xuaiiE,3,1,OK,,3,0.15;0.50;0.85,0.6195;2.0650;3.5105,0.6333;2.0667;3.5000,0.0138,1;1;1,1.0000;1.0000;1.0000,1,0.072275,0.070806,1280,720,0.6;2.0667;3.4667,1;1;1,3,3,1.0
-UuX1xuaiiE_6,-UuX1xuaiiE$_$6,-UuX1xuaiiE,6,1,OK,,3,0.15;0.50;0.85,1.2171;4.0570;6.8969,1.2333;4.0667;6.9000,0.0162,1;1;1,1.0000;1.0000;1.0000,1,0.101647,0.099834,1280,720,1.2;4.0667;6.8667,1;1;1,3,3,1.0
-a55Q6RWvTA_3,-a55Q6RWvTA$_$3,-a55Q6RWvTA,3,1,OK,,3,0.15;0.50;0.85,3.3231;11.0770;18.8309,3.3333;11.0667;18.8333,0.0103,1;1;1,1.0000;1.0000;1.0000,1,0.028165,0.028036,480,270,3.3333;11.0667;18.8,1;1;1,3,3,1.0
-aNfi7CP8vM_7,-aNfi7CP8vM$_$7,-aNfi7CP8vM,7,1,OK,,3,0.15;0.50;0.85,1.3042;4.3475;7.3907,1.3000;4.3333;7.4000,0.0142,1;1;1,0.9999;1.0000;1.0000,1,0.061309,0.048653,480,360,1.2667;4.3333;7.4,1;1;1,3,3,1.0
-aqamKhZ1Ec_0,-aqamKhZ1Ec$_$0,-aqamKhZ1Ec,0,1,OK,,3,0.15;0.50;0.85,1.6450;5.4833;9.3217,1.6333;5.5000;9.3333,0.0167,1;1;1,0.9998;0.9998;1.0000,1,0.090314,0.089854,1280,720,1.6;5.4667;9.3333,1;1;1,3,3,1.0
-dxfTGcXJoc_0,-dxfTGcXJoc$_$0,-dxfTGcXJoc,0,1,OK,,3,0.15;0.50;0.85,3.0750;10.2500;17.4250,3.0667;10.2667;17.4333,0.0167,0;1;1,;1.0000;0.9998,1,0.047471,0.044563,320,240,3.0667;10.2667;17.4,0;1;1,3,3,1.0
-dxfTGcXJoc_1,-dxfTGcXJoc$_$1,-dxfTGcXJoc,1,1,OK,,3,0.15;0.50;0.85,2.4242;8.0805;13.7369,2.4333;8.0667;13.7333,0.0138,1;1;1,1.0000;0.9999;0.9999,1,0.048834,0.04826,320,240,2.4;8.0667;13.7333,1;1;1,3,3,1.0
-dxfTGcXJoc_2,-dxfTGcXJoc$_$2,-dxfTGcXJoc,2,1,OK,,3,0.15;0.50;0.85,2.5047;8.3490;14.1933,2.5000;8.3333;14.2000,0.0157,1;1;1,1.0000;1.0000;0.9998,1,0.095444,0.085318,320,240,2.4667;8.3333;14.2,1;1;1,3,3,1.0
-dxfTGcXJoc_6,-dxfTGcXJoc$_$6,-dxfTGcXJoc,6,1,OK,,3,0.15;0.50;0.85,1.9102;6.3675;10.8247,1.9000;6.3667;10.8333,0.0102,1;1;1,0.9999;1.0000;0.9997,1,0.056413,0.054225,320,240,1.8667;6.4;10.8,1;1;1,3,3,1.0
-egA8-b7-3M_1,-egA8-b7-3M$_$1,-egA8-b7-3M,1,1,OK,,3,0.15;0.50;0.85,1.5399;5.1330;8.7261,1.5333;5.1333;8.7333,0.0072,1;1;1,1.0000;1.0000;1.0000,1,0.059018,0.056085,640,360,1.5333;5.1333;8.7333,1;1;1,3,3,1.0
-egA8-b7-3M_13,-egA8-b7-3M$_$13,-egA8-b7-3M,13,1,OK,,3,0.15;0.50;0.85,0.6276;2.0920;3.5564,0.6333;2.1000;3.5667,0.0103,1;1;1,0.9996;0.9995;1.0000,1,0.058121,0.056535,640,360,0.6;2.0667;3.6,1;1;1,3,3,1.0
-egA8-b7-3M_16,-egA8-b7-3M$_$16,-egA8-b7-3M,16,1,OK,,3,0.15;0.50;0.85,0.8307;2.7690;4.7073,0.8333;2.7667;4.7000,0.0073,1;1;1,1.0000;1.0000;1.0000,1,0.057266,0.057038,640,360,0.8;2.8;4.6667,1;1;1,3,3,1.0
-egA8-b7-3M_17,-egA8-b7-3M$_$17,-egA8-b7-3M,17,1,OK,,3,0.15;0.50;0.85,1.0906;3.6355;6.1803,1.1000;3.6333;6.1667,0.0137,1;1;1,0.9999;1.0000;1.0000,1,0.063941,0.056725,640,360,1.0667;3.6;6.2,1;1;1,3,3,1.0
-egA8-b7-3M_18,-egA8-b7-3M$_$18,-egA8-b7-3M,18,1,OK,,3,0.15;0.50;0.85,1.2579;4.1930;7.1281,1.2667;4.2000;7.1333,0.0088,1;1;1,1.0000;1.0000;0.9999,1,0.062616,0.057128,640,360,1.2667;4.2;7.1333,1;1;1,3,3,1.0
-egA8-b7-3M_20,-egA8-b7-3M$_$20,-egA8-b7-3M,20,1,OK,,3,0.15;0.50;0.85,0.9967;3.3225;5.6482,1.0000;3.3333;5.6333,0.0149,1;1;1,0.9990;0.9992;1.0000,1,0.059172,0.0563,640,360,1.0;3.3333;5.6,1;1;1,3,3,1.0
-egA8-b7-3M_26,-egA8-b7-3M$_$26,-egA8-b7-3M,26,1,OK,,3,0.15;0.50;0.85,0.9046;3.0155;5.1263,0.9000;3.0000;5.1333,0.0155,2;2;2,1.0000;0.9787;0.9999;0.9850;1.0000;0.9913,2,0.056884,0.056594,640,360,0.8667;3.0;5.1333,1;1;1,3,3,1.0
-egA8-b7-3M_6,-egA8-b7-3M$_$6,-egA8-b7-3M,6,1,OK,,3,0.15;0.50;0.85,0.9397;3.1325;5.3252,0.9333;3.1333;5.3333,0.0081,1;1;1,1.0000;1.0000;1.0000,1,0.057862,0.057147,640,360,0.9333;3.1333;5.3333,1;1;1,3,3,1.0
-egA8-b7-3M_9,-egA8-b7-3M$_$9,-egA8-b7-3M,9,1,OK,,3,0.15;0.50;0.85,0.7635;2.5450;4.3265,0.7667;2.5333;4.3333,0.0117,1;1;1,1.0000;0.9999;1.0000,1,0.061884,0.060321,640,360,0.8;2.5333;4.3333,1;1;1,3,3,1.0
-hnBHBN8p5A_6,-hnBHBN8p5A$_$6,-hnBHBN8p5A,6,1,OK,,3,0.15;0.50;0.85,0.9601;3.2005;5.4408,0.9593;3.2115;5.4221,0.0188,1;1;1,0.9995;0.9999;0.8689,1,0.02036,0.017028,1280,720,0.9593;3.2115;5.4221,1;1;1,3,3,1.0
-hnBHBN8p5A_7,-hnBHBN8p5A$_$7,-hnBHBN8p5A,7,1,OK,,3,0.15;0.50;0.85,1.1058;3.6860;6.2662,1.1261;3.6703;6.2563,0.0203,1;2;1,0.9997;1.0000;0.7598;1.0000,2,0.013976,0.013661,1280,720,1.0844;3.6703;6.298,1;1;1,3,3,1.0
-iRBcNs9oI8_3,-iRBcNs9oI8$_$3,-iRBcNs9oI8,3,1,OK,,3,0.15;0.50;0.85,0.8432;2.8105;4.7778,0.8342;2.8028;4.7714,0.009,1;2;2,1.0000;1.0000;0.7585;1.0000;0.8624,2,0.013771,0.012732,1280,720,0.8675;2.8028;4.7381,1;1;1,3,3,1.0
-iRBcNs9oI8_6,-iRBcNs9oI8$_$6,-iRBcNs9oI8,6,1,OK,,3,0.15;0.50;0.85,0.4355;1.4515;2.4676,0.4338;1.4681;2.4691,0.0166,2;1;1,1.0000;0.7081;1.0000;1.0000,2,0.01317,0.012699,1280,720,0.4671;1.4681;2.4691,1;1;1,3,3,1.0
-iRBcNs9oI8_7,-iRBcNs9oI8$_$7,-iRBcNs9oI8,7,1,OK,,3,0.15;0.50;0.85,0.6156;2.0520;3.4884,0.6006;2.0354;3.5035,0.0166,1;2;1,1.0000;0.9999;0.7342;1.0000,2,0.013064,0.012708,1280,720,0.6006;2.0687;3.4701,1;1;1,3,3,1.0
-iRBcNs9oI8_8,-iRBcNs9oI8$_$8,-iRBcNs9oI8,8,1,OK,,3,0.15;0.50;0.85,1.2139;4.0465;6.8790,1.2012;4.0374;6.8735,0.0127,1;1;1,0.9999;1.0000;1.0000,1,0.012391,0.012112,1280,720,1.2012;4.0707;6.8735,1;1;1,3,3,1.0
-iRBcNs9oI8_9,-iRBcNs9oI8$_$9,-iRBcNs9oI8,9,1,OK,,3,0.15;0.50;0.85,0.5124;1.7080;2.9036,0.5005;1.7017;2.9029,0.0119,1;1;1,0.9989;1.0000;0.9999,1,0.013551,0.012321,1280,720,0.5339;1.6683;2.8695,1;1;1,3,3,1.0
-lzEya4AM_4_5,-lzEya4AM_4$_$5,-lzEya4AM_4,5,1,OK,,3,0.15;0.50;0.85,1.1512;3.8375;6.5237,1.1667;3.8333;6.5333,0.0154,1;1;1,0.9998;1.0000;0.9997,1,0.031347,0.029637,470,360,1.2;3.8;6.5333,1;1;1,3,3,1.0
-lzEya4AM_4_6,-lzEya4AM_4$_$6,-lzEya4AM_4,6,1,OK,,3,0.15;0.50;0.85,2.2188;7.3960;12.5732,2.2333;7.4000;12.5667,0.0145,1;1;1,0.9999;1.0000;1.0000,1,0.033805,0.029528,470,360,2.2;7.4;12.6,1;1;1,3,3,1.0
-mJ2ud6oKI8_1,-mJ2ud6oKI8$_$1,-mJ2ud6oKI8,1,1,OK,,3,0.15;0.50;0.85,0.9154;3.0515;5.1875,0.9009;3.0364;5.1718,0.0157,0;0;0,;;,0,0.0,0.0,1280,720,0.8675;3.0697;5.1385,0;0;0,3,3,1.0
-mJ2ud6oKI8_2,-mJ2ud6oKI8$_$2,-mJ2ud6oKI8,2,1,OK,,3,0.15;0.50;0.85,0.8596;2.8655;4.8713,0.8675;2.8695;4.8715,0.0079,0;0;1,;;1.0000,1,0.010625,0.0,1280,720,0.8675;2.8695;4.8715,0;0;1,3,3,1.0
-mJ2ud6oKI8_6,-mJ2ud6oKI8$_$6,-mJ2ud6oKI8,6,1,OK,,3,0.15;0.50;0.85,0.3386;1.1285;1.9184,0.3337;1.1345;1.9019,0.0165,2;1;1,1.0000;0.8120;1.0000;0.9995,2,0.03283,0.031693,1280,720,0.3337;1.1345;1.9353,1;1;1,3,3,1.0
-mJ2ud6oKI8_8,-mJ2ud6oKI8$_$8,-mJ2ud6oKI8,8,1,OK,,3,0.15;0.50;0.85,0.6288;2.0960;3.5632,0.6340;2.1021;3.5702,0.007,1;1;1,1.0000;1.0000;1.0000,1,0.032531,0.032391,1280,720,0.6673;2.0687;3.5369,1;1;1,3,3,1.0
-mJ2ud6oKI8_9,-mJ2ud6oKI8$_$9,-mJ2ud6oKI8,9,1,OK,,3,0.15;0.50;0.85,1.0550;3.5165;5.9781,1.0677;3.5035;5.9726,0.013,1;1;1,0.9999;1.0000;0.9999,1,0.05845,0.030109,1280,720,1.0677;3.4701;5.9393,1;1;1,3,3,1.0
-mqbVkbCndg_0,-mqbVkbCndg$_$0,-mqbVkbCndg,0,1,OK,,3,0.15;0.50;0.85,0.9700;3.2334;5.4967,0.9667;3.2333;5.5000,0.0033,1;1;1,0.9998;0.9996;0.9995,1,0.120023,0.111826,1280,720,1.0;3.2;5.4667,1;1;1,3,3,1.0
-qDkUB0GgYY_6,-qDkUB0GgYY$_$6,-qDkUB0GgYY,6,1,OK,,3,0.15;0.50;0.85,0.7017;2.3390;3.9763,0.7000;2.3333;3.9667,0.0096,1;1;1,1.0000;1.0000;0.9999,1,0.211618,0.209057,360,360,0.6667;2.3333;4.0,1;1;1,3,3,1.0
-ri04Z7vwnc_0,-ri04Z7vwnc$_$0,-ri04Z7vwnc,0,1,OK,,3,0.15;0.50;0.85,0.4210;1.4035;2.3859,0.4171;1.4181;2.3774,0.0146,0;0;0,;;,0,0.0,0.0,1280,720,0.4171;1.4181;2.4191,0;0;0,3,3,1.0
-ri04Z7vwnc_2,-ri04Z7vwnc$_$2,-ri04Z7vwnc,2,1,OK,,3,0.15;0.50;0.85,0.9041;3.0135;5.1230,0.9176;3.0030;5.1301,0.0135,0;0;1,;;1.0000,1,0.028042,0.0,1280,720,0.9593;3.003;5.0884,0;0;1,3,3,1.0
-ri04Z7vwnc_5,-ri04Z7vwnc$_$5,-ri04Z7vwnc,5,1,OK,,3,0.15;0.50;0.85,0.5317;1.7725;3.0132,0.5422;1.7518;3.0030,0.0207,1;1;2,1.0000;1.0000;1.0000;0.7078,2,0.042648,0.040332,1280,720,0.5422;1.7518;3.003,1;1;1,3,3,1.0
-s9qJ7ATP7w_0,-s9qJ7ATP7w$_$0,-s9qJ7ATP7w,0,1,OK,,3,0.15;0.50;0.85,1.0200;3.4000;5.7800,1.0333;3.4000;5.7667,0.0133,2;2;2,1.0000;0.9995;1.0000;0.9996;1.0000;0.9996,2,0.027113,0.025355,1280,720,1.0;3.4;5.8,1;1;1,3,3,1.0
-s9qJ7ATP7w_1,-s9qJ7ATP7w$_$1,-s9qJ7ATP7w,1,1,OK,,3,0.15;0.50;0.85,0.7188;2.3960;4.0732,0.7333;2.4000;4.0667,0.0145,2;2;2,1.0000;0.9995;1.0000;0.9998;1.0000;0.9997,2,0.025296,0.022712,1280,720,0.7333;2.4;4.0667,1;1;1,3,3,1.0
-s9qJ7ATP7w_4,-s9qJ7ATP7w$_$4,-s9qJ7ATP7w,4,1,OK,,3,0.15;0.50;0.85,0.6640;2.2135;3.7629,0.6667;2.2000;3.7667,0.0135,3;1;1,0.9999;0.9998;0.9897;1.0000;1.0000,3,0.027924,0.025853,1280,720,0.6667;2.2;3.8,1;1;1,3,3,1.0
-s9qJ7ATP7w_5,-s9qJ7ATP7w$_$5,-s9qJ7ATP7w,5,1,OK,,3,0.15;0.50;0.85,1.2841;4.2805;7.2768,1.3000;4.2667;7.2667,0.0159,1;1;1,1.0000;1.0000;1.0000,1,0.028294,0.028244,1280,720,1.2667;4.2667;7.2667,1;1;1,3,3,1.0
-s9qJ7ATP7w_6,-s9qJ7ATP7w$_$6,-s9qJ7ATP7w,6,1,OK,,3,0.15;0.50;0.85,0.3713;1.2375;2.1038,0.3667;1.2333;2.1000,0.0046,1;1;0,1.0000;1.0000;,1,0.025858,0.025308,1280,720,0.4;1.2;2.0667,1;1;0,3,3,1.0
-s9qJ7ATP7w_7,-s9qJ7ATP7w$_$7,-s9qJ7ATP7w,7,1,OK,,3,0.15;0.50;0.85,1.0449;3.4830;5.9211,1.0333;3.4667;5.9333,0.0163,0;2;2,;1.0000;0.9997;1.0000;0.9993,2,0.084517,0.081963,1280,720,1.0;3.4667;5.9333,0;1;1,3,3,1.0
-s9qJ7ATP7w_8,-s9qJ7ATP7w$_$8,-s9qJ7ATP7w,8,1,OK,,3,0.15;0.50;0.85,0.4942;1.6475;2.8007,0.5000;1.6333;2.8000,0.0142,2;2;2,1.0000;0.9986;1.0000;0.9996;1.0000;0.9999,2,0.098052,0.089711,1280,720,0.4667;1.6;2.8,1;1;1,3,3,1.0
-t217m2on-s_2,-t217m2on-s$_$2,-t217m2on-s,2,1,OK,,3,0.15;0.50;0.85,0.8529;2.8430;4.8331,0.8667;2.8333;4.8333,0.0138,1;1;1,0.9971;0.9995;0.9996,1,0.031643,0.030416,480,270,0.8667;2.8;4.8,1;1;1,3,3,1.0
-t217m2on-s_7,-t217m2on-s$_$7,-t217m2on-s,7,1,OK,,3,0.15;0.50;0.85,2.5774;8.5915;14.6055,2.5667;8.6000;14.6000,0.0108,1;1;1,0.9994;0.9995;0.9982,1,0.031631,0.029667,480,270,2.6;8.6;14.6,1;1;1,3,3,1.0
-tANM6ETl_M_3,-tANM6ETl_M$_$3,-tANM6ETl_M,3,1,OK,,3,0.15;0.50;0.85,1.0137;3.3790;5.7443,1.0000;3.3667;5.7333,0.0137,1;1;1,1.0000;0.9999;0.9999,1,0.049854,0.049494,1280,720,1.0;3.4;5.7333,1;1;1,3,3,1.0
-tPCytz4rww_10,-tPCytz4rww$_$10,-tPCytz4rww,10,1,OK,,3,0.15;0.50;0.85,0.7183;2.3945;4.0706,0.7333;2.4000;4.0667,0.015,1;1;1,1.0000;1.0000;0.9999,1,0.039886,0.039097,480,270,0.7333;2.4;4.0667,1;1;1,3,3,1.0
-tPCytz4rww_11,-tPCytz4rww$_$11,-tPCytz4rww,11,1,OK,,3,0.15;0.50;0.85,0.8200;2.7335;4.6469,0.8333;2.7333;4.6333,0.0136,1;2;1,1.0000;1.0000;0.7603;0.9998,2,0.038367,0.036737,480,270,0.8;2.7333;4.6,1;1;1,3,3,1.0
-tPCytz4rww_12,-tPCytz4rww$_$12,-tPCytz4rww,12,1,OK,,3,0.15;0.50;0.85,1.7796;5.9320;10.0844,1.7667;5.9333;10.1000,0.0156,1;1;2,1.0000;1.0000;0.9999;0.8379,2,0.042798,0.037642,480,270,1.8;5.9333;10.1333,1;1;1,3,3,1.0
-tPCytz4rww_16,-tPCytz4rww$_$16,-tPCytz4rww,16,1,OK,,3,0.15;0.50;0.85,1.0809;3.6030;6.1251,1.0667;3.6000;6.1333,0.0142,1;1;1,1.0000;1.0000;1.0000,1,0.037219,0.036321,480,270,1.0667;3.6;6.1333,1;1;1,3,3,1.0
-tPCytz4rww_18,-tPCytz4rww$_$18,-tPCytz4rww,18,1,OK,,3,0.15;0.50;0.85,0.9967;3.3225;5.6482,1.0000;3.3333;5.6333,0.0149,2;1;1,1.0000;0.8661;1.0000;0.9999,2,0.037795,0.037436,480,270,1.0;3.3333;5.6,1;1;1,3,3,1.0
-uywlfIYOS8_4,-uywlfIYOS8$_$4,-uywlfIYOS8,4,1,OK,,3,0.15;0.50;0.85,0.9067;3.0225;5.1383,0.9000;3.0333;5.1333,0.0108,1;1;1,0.9999;1.0000;1.0000,1,0.067217,0.062426,480,270,0.8667;3.0;5.1333,1;1;1,3,3,1.0
-vxjVxOeScU_4,-vxjVxOeScU$_$4,-vxjVxOeScU,4,1,OK,,3,0.15;0.50;0.85,1.3691;4.5635;7.7580,1.3667;4.5667;7.7667,0.0087,1;1;2,0.9992;1.0000;0.7854;1.0000,2,0.054284,0.048036,480,360,1.4;4.6;7.8,1;1;1,3,3,1.0
-wMB_hJL-3o_7,-wMB_hJL-3o$_$7,-wMB_hJL-3o,7,1,OK,,3,0.15;0.50;0.85,0.9066;3.0220;5.1374,0.9000;3.0333;5.1333,0.0113,1;1;1,1.0000;1.0000;0.9999,1,0.046791,0.045939,480,360,0.8667;3.0;5.1333,1;1;1,3,3,1.0
-wny0OAz3g8_0,-wny0OAz3g8$_$0,-wny0OAz3g8,0,1,OK,,3,0.15;0.50;0.85,0.5000;1.6666;2.8333,0.5000;1.6667;2.8333,0.0,1;1;1,0.9968;0.9985;0.9996,1,0.039663,0.0377,1280,720,0.4667;1.6667;2.8,1;1;1,3,3,1.0
-wny0OAz3g8_1,-wny0OAz3g8$_$1,-wny0OAz3g8,1,1,OK,,3,0.15;0.50;0.85,1.0266;3.4220;5.8174,1.0333;3.4333;5.8333,0.0159,2;1;1,0.9984;0.8193;0.9993;0.9998,2,0.017451,0.015162,1280,720,1.0;3.4;5.8,1;1;1,3,3,1.0
-wny0OAz3g8_2,-wny0OAz3g8$_$2,-wny0OAz3g8,2,1,OK,,3,0.15;0.50;0.85,1.0030;3.3435;5.6840,1.0000;3.3333;5.7000,0.016,1;1;1,0.9998;0.9998;0.9997,1,0.037911,0.035543,1280,720,1.0;3.3333;5.6667,1;1;1,3,3,1.0
-wny0OAz3g8_3,-wny0OAz3g8$_$3,-wny0OAz3g8,3,1,OK,,3,0.15;0.50;0.85,0.9219;3.0730;5.2241,0.9333;3.0667;5.2333,0.0114,1;1;1,0.9990;0.9998;0.9992,1,0.016814,0.01628,1280,720,0.9333;3.0667;5.2,1;1;1,3,3,1.0
-wny0OAz3g8_5,-wny0OAz3g8$_$5,-wny0OAz3g8,5,1,OK,,3,0.15;0.50;0.85,1.0368;3.4560;5.8752,1.0333;3.4667;5.8667,0.0107,3;1;2,0.9993;0.7566;0.7060;1.0000;0.9996;0.7103,3,0.016659,0.015248,1280,720,1.0;3.4667;5.8667,1;1;1,3,3,1.0
-wny0OAz3g8_7,-wny0OAz3g8$_$7,-wny0OAz3g8,7,1,OK,,3,0.15;0.50;0.85,1.2102;4.0340;6.8578,1.2000;4.0333;6.8667,0.0102,1;2;2,0.9996;1.0000;0.7005;0.9993;0.7534,2,0.016195,0.016089,1280,720,1.2;4.0;6.8667,1;1;1,3,3,1.0
-wny0OAz3g8_9,-wny0OAz3g8$_$9,-wny0OAz3g8,9,1,OK,,3,0.15;0.50;0.85,0.9319;3.1065;5.2810,0.9333;3.1000;5.2667,0.0144,1;1;1,1.0000;0.9988;0.9992,1,0.036586,0.035255,1280,720,0.9333;3.0667;5.2667,1;1;1,3,3,1.0
-yRb-Jum7EQ_1,-yRb-Jum7EQ$_$1,-yRb-Jum7EQ,1,1,OK,,3,0.15;0.50;0.85,4.3932;14.6440;24.8948,4.4000;14.6333;24.9000,0.0107,2;1;1,1.0000;1.0000;1.0000;1.0000,2,0.059899,0.056073,1280,720,4.4;14.6;24.8667,1;1;1,3,3,1.0
-yRb-Jum7EQ_5,-yRb-Jum7EQ$_$5,-yRb-Jum7EQ,5,1,OK,,3,0.15;0.50;0.85,1.9753;6.5845;11.1936,1.9667;6.6000;11.2000,0.0155,1;1;1,1.0000;1.0000;1.0000,1,0.058045,0.055716,1280,720,2.0;6.6;11.2,1;1;1,3,3,1.0
-yRb-Jum7EQ_6,-yRb-Jum7EQ$_$6,-yRb-Jum7EQ,6,1,OK,,3,0.15;0.50;0.85,1.6839;5.6130;9.5421,1.7000;5.6000;9.5333,0.0161,1;1;1,1.0000;1.0000;1.0000,1,0.062418,0.058646,1280,720,1.7333;5.6;9.5333,1;1;1,3,3,1.0
