sample_id,official_id,video_id,clip_id,duration_sec,n_slots,align_granularity_sec,text_dim,audio_dim,vision_dim,text_seq_len,audio_seq_len,vision_seq_len,text_valid_slots,audio_valid_slots,vision_valid_slots,text_valid_ratio,audio_valid_ratio,vision_valid_ratio,traceable_av_ratio,text_time_basis,audio_time_basis,vision_time_basis,face_ratio,voiced_ratio,vad_ratio,probe_max_face_count,probe_max_face_area_ratio,anomaly_codes,anomaly_reasons,verdict,included
-3g5yACwYnA_13,-3g5yACwYnA$_$13,-3g5yACwYnA,13,5.514,50,0.11028,768,74,35,17,108,83,17,49,50,0.34,0.98,1.0,0.99,uniform_assumption,measured_pts,measured_pts,1.0,0.3426,0.213,1,0.086955,A6_audio_shorter_than_video;A7_audio_valid_slots_lt_50,音频容器时长短于视频且差值 >0.1s（恒为 ~0.17s，系统性）：AAC 编码器 priming/填充导致，非个别文件损坏。 | A6 的直接后果：音频覆盖不到时间轴末端，尾部若干槽无源单元，由插值补齐并置 valid=False。,OK_WITH_INFO,1
-3g5yACwYnA_3,-3g5yACwYnA$_$3,-3g5yACwYnA,3,14.389,50,0.28778,768,74,35,34,287,216,34,50,50,0.68,1.0,1.0,1.0,uniform_assumption,measured_pts,measured_pts,1.0,0.2822,0.23,1,0.088753,,,OK,1
-3g5yACwYnA_2,-3g5yACwYnA$_$2,-3g5yACwYnA,2,9.394,50,0.18788,768,74,35,16,185,140,16,49,50,0.32,0.98,1.0,0.99,uniform_assumption,measured_pts,measured_pts,1.0,0.4757,0.3892,1,0.089534,A6_audio_shorter_than_video;A7_audio_valid_slots_lt_50;VFR_frame_gap,音频容器时长短于视频且差值 >0.1s（恒为 ~0.17s，系统性）：AAC 编码器 priming/填充导致，非个别文件损坏。 | A6 的直接后果：音频覆盖不到时间轴末端，尾部若干槽无源单元，由插值补齐并置 valid=False。 | 帧间隔 >0.1s（最大 0.1667s，即丢失一帧）：源视频为变帧率。视觉 pts 用解码器实测值，故不影响对齐正确性。,OK_WITH_INFO,1
-3g5yACwYnA_9,-3g5yACwYnA$_$9,-3g5yACwYnA,9,8.817,50,0.17634,768,74,35,28,174,132,28,50,50,0.56,1.0,1.0,1.0,uniform_assumption,measured_pts,measured_pts,1.0,0.4598,0.3391,1,0.090627,A6_audio_shorter_than_video,音频容器时长短于视频且差值 >0.1s（恒为 ~0.17s，系统性）：AAC 编码器 priming/填充导致，非个别文件损坏。,OK_WITH_INFO,1
-3nNcZdcdvU_5,-3nNcZdcdvU$_$5,-3nNcZdcdvU,5,7.868,50,0.15736,768,74,35,19,156,118,19,50,50,0.38,1.0,1.0,1.0,uniform_assumption,measured_pts,measured_pts,0.9915,0.3526,0.3526,1,0.051236,,,OK,1
-HwX2H8Z4hY_2,-HwX2H8Z4hY$_$2,-HwX2H8Z4hY,2,3.982,50,0.07964,768,74,35,11,79,60,11,49,50,0.22,0.98,1.0,0.99,uniform_assumption,measured_pts,measured_pts,0.9667,1.0,0.9873,2,0.157062,A7_audio_valid_slots_lt_50,A6 的直接后果：音频覆盖不到时间轴末端，尾部若干槽无源单元，由插值补齐并置 valid=False。,OK_WITH_INFO,1
-HwX2H8Z4hY_5,-HwX2H8Z4hY$_$5,-HwX2H8Z4hY,5,5.653,50,0.11306,768,74,35,10,111,85,10,49,50,0.2,0.98,1.0,0.99,uniform_assumption,measured_pts,measured_pts,1.0,0.5405,0.5405,1,0.220941,A6_audio_shorter_than_video;A7_audio_valid_slots_lt_50,音频容器时长短于视频且差值 >0.1s（恒为 ~0.17s，系统性）：AAC 编码器 priming/填充导致，非个别文件损坏。 | A6 的直接后果：音频覆盖不到时间轴末端，尾部若干槽无源单元，由插值补齐并置 valid=False。,OK_WITH_INFO,1
-HwX2H8Z4hY_6,-HwX2H8Z4hY$_$6,-HwX2H8Z4hY,6,3.358,50,0.06716,768,74,35,8,66,50,8,49,49,0.16,0.98,0.98,0.98,uniform_assumption,measured_pts,measured_pts,0.98,0.7576,0.7576,1,0.266258,A6_audio_shorter_than_video;A7_audio_valid_slots_lt_50,音频容器时长短于视频且差值 >0.1s（恒为 ~0.17s，系统性）：AAC 编码器 priming/填充导致，非个别文件损坏。 | A6 的直接后果：音频覆盖不到时间轴末端，尾部若干槽无源单元，由插值补齐并置 valid=False。,OK_WITH_INFO,1
-HwX2H8Z4hY_9,-HwX2H8Z4hY$_$9,-HwX2H8Z4hY,9,7.734,50,0.15468,768,74,35,23,153,116,23,50,50,0.46,1.0,1.0,1.0,uniform_assumption,measured_pts,measured_pts,0.3534,0.3072,0.3072,1,0.013767,A4_vision_face_partial,人脸仅部分帧检出（0<face_ratio<0.5）：未检出帧由相邻有效帧插值补齐，这些帧的视觉特征不具溯源资格。,OK_WITH_WARN,1
-NFrJFQijFE_1,-NFrJFQijFE$_$1,-NFrJFQijFE,1,5.746,50,0.11492,768,74,35,16,114,86,16,50,50,0.32,1.0,1.0,1.0,uniform_assumption,measured_pts,measured_pts,0.093,0.8772,0.8772,0,0.0,A4_vision_face_partial,人脸仅部分帧检出（0<face_ratio<0.5）：未检出帧由相邻有效帧插值补齐，这些帧的视觉特征不具溯源资格。,OK_WITH_WARN,1
-NFrJFQijFE_2,-NFrJFQijFE$_$2,-NFrJFQijFE,2,6.856,50,0.13712,768,74,35,18,134,102,18,49,50,0.36,0.98,1.0,0.99,uniform_assumption,measured_pts,measured_pts,0.0882,0.5075,0.5075,1,0.001585,A4_vision_face_partial;A6_audio_shorter_than_video;A7_audio_valid_slots_lt_50;VFR_frame_gap,人脸仅部分帧检出（0<face_ratio<0.5）：未检出帧由相邻有效帧插值补齐，这些帧的视觉特征不具溯源资格。 | 音频容器时长短于视频且差值 >0.1s（恒为 ~0.17s，系统性）：AAC 编码器 priming/填充导致，非个别文件损坏。 | A6 的直接后果：音频覆盖不到时间轴末端，尾部若干槽无源单元，由插值补齐并置 valid=False。 | 帧间隔 >0.1s（最大 0.1667s，即丢失一帧）：源视频为变帧率。视觉 pts 用解码器实测值，故不影响对齐正确性。,OK_WITH_WARN,1
-THoVjtIkeU_12,-THoVjtIkeU$_$12,-THoVjtIkeU,12,14.896,50,0.29792,768,74,35,42,297,223,42,50,50,0.84,1.0,1.0,1.0,uniform_assumption,measured_pts,measured_pts,1.0,0.5623,0.4983,1,0.110266,,,OK,1
-THoVjtIkeU_2,-THoVjtIkeU$_$2,-THoVjtIkeU,2,4.292,50,0.08584,768,74,35,11,85,64,11,49,49,0.22,0.98,0.98,0.98,uniform_assumption,measured_pts,measured_pts,1.0,0.0588,0.0588,1,0.127475,A7_audio_valid_slots_lt_50;LONG_PAUSE,A6 的直接后果：音频覆盖不到时间轴末端，尾部若干槽无源单元，由插值补齐并置 valid=False。 | 有声帧占比 <0.1：含明显停顿结构。这是题目要求的「停顿明显」一类样本，**保留而非剔除**。,OK_WITH_INFO,1
-THoVjtIkeU_6,-THoVjtIkeU$_$6,-THoVjtIkeU,6,8.097,50,0.16194,768,74,35,32,160,121,32,50,50,0.64,1.0,1.0,1.0,uniform_assumption,measured_pts,measured_pts,0.9917,0.45,0.4062,1,0.099828,A6_audio_shorter_than_video,音频容器时长短于视频且差值 >0.1s（恒为 ~0.17s，系统性）：AAC 编码器 priming/填充导致，非个别文件损坏。,OK_WITH_INFO,1
-UuX1xuaiiE_1,-UuX1xuaiiE$_$1,-UuX1xuaiiE,1,10.35,50,0.207,768,74,35,32,206,155,32,50,50,0.64,1.0,1.0,1.0,uniform_assumption,measured_pts,measured_pts,1.0,0.1553,0.1553,9,0.013234,,,OK,1
-UuX1xuaiiE_0,-UuX1xuaiiE$_$0,-UuX1xuaiiE,0,3.6333,50,0.07267,768,74,35,11,72,56,11,49,50,0.22,0.98,1.0,0.99,uniform_assumption,measured_pts,measured_pts,1.0,0.5833,0.5833,4,0.050775,A7_audio_valid_slots_lt_50;A8_pts_beyond_axis,A6 的直接后果：音频覆盖不到时间轴末端，尾部若干槽无源单元，由插值补齐并置 valid=False。 | 视觉末帧 PTS 越出公共时间轴（+0.033~+0.067s），被 time_to_slot 的 clip 并入末槽。已有意为之并显式计数。,OK_WITH_WARN,1
-UuX1xuaiiE_3,-UuX1xuaiiE$_$3,-UuX1xuaiiE,3,4.13,50,0.0826,768,74,35,9,81,62,9,49,50,0.18,0.98,1.0,0.99,uniform_assumption,measured_pts,measured_pts,1.0,0.4815,0.4815,1,0.072275,A7_audio_valid_slots_lt_50,A6 的直接后果：音频覆盖不到时间轴末端，尾部若干槽无源单元，由插值补齐并置 valid=False。,OK_WITH_INFO,1
-UuX1xuaiiE_6,-UuX1xuaiiE$_$6,-UuX1xuaiiE,6,8.114,50,0.16228,768,74,35,23,159,121,23,49,50,0.46,0.98,1.0,0.99,uniform_assumption,measured_pts,measured_pts,1.0,0.7358,0.7358,1,0.101647,A6_audio_shorter_than_video;A7_audio_valid_slots_lt_50;VFR_frame_gap,音频容器时长短于视频且差值 >0.1s（恒为 ~0.17s，系统性）：AAC 编码器 priming/填充导致，非个别文件损坏。 | A6 的直接后果：音频覆盖不到时间轴末端，尾部若干槽无源单元，由插值补齐并置 valid=False。 | 帧间隔 >0.1s（最大 0.1667s，即丢失一帧）：源视频为变帧率。视觉 pts 用解码器实测值，故不影响对齐正确性。,OK_WITH_INFO,1
-a55Q6RWvTA_3,-a55Q6RWvTA$_$3,-a55Q6RWvTA,3,22.154,50,0.44308,768,74,35,78,442,332,50,50,50,1.0,1.0,1.0,1.0,uniform_assumption,measured_pts,measured_pts,1.0,0.9502,0.9412,1,0.028165,,,OK,1
-aNfi7CP8vM_7,-aNfi7CP8vM$_$7,-aNfi7CP8vM,7,8.695,50,0.1739,768,74,35,22,171,129,22,49,50,0.44,0.98,1.0,0.99,uniform_assumption,measured_pts,measured_pts,1.0,0.5848,0.5556,1,0.061309,A6_audio_shorter_than_video;A7_audio_valid_slots_lt_50;VFR_frame_gap,音频容器时长短于视频且差值 >0.1s（恒为 ~0.17s，系统性）：AAC 编码器 priming/填充导致，非个别文件损坏。 | A6 的直接后果：音频覆盖不到时间轴末端，尾部若干槽无源单元，由插值补齐并置 valid=False。 | 帧间隔 >0.1s（最大 0.1667s，即丢失一帧）：源视频为变帧率。视觉 pts 用解码器实测值，故不影响对齐正确性。,OK_WITH_INFO,1
-aqamKhZ1Ec_0,-aqamKhZ1Ec$_$0,-aqamKhZ1Ec,0,10.9667,50,0.21933,768,74,35,16,218,165,16,50,50,0.32,1.0,1.0,1.0,uniform_assumption,measured_pts,measured_pts,1.0,0.0092,0.0092,1,0.090314,LONG_PAUSE,有声帧占比 <0.1：含明显停顿结构。这是题目要求的「停顿明显」一类样本，**保留而非剔除**。,OK_WITH_INFO,1
-dxfTGcXJoc_1,-dxfTGcXJoc$_$1,-dxfTGcXJoc,1,16.161,50,0.32322,768,74,35,41,321,242,41,50,50,0.82,1.0,1.0,1.0,uniform_assumption,measured_pts,measured_pts,1.0,0.2741,0.2399,1,0.048834,A6_audio_shorter_than_video,音频容器时长短于视频且差值 >0.1s（恒为 ~0.17s，系统性）：AAC 编码器 priming/填充导致，非个别文件损坏。,OK_WITH_INFO,1
-dxfTGcXJoc_0,-dxfTGcXJoc$_$0,-dxfTGcXJoc,0,20.5,50,0.41,768,74,35,47,409,308,47,50,50,0.94,1.0,1.0,1.0,uniform_assumption,measured_pts,measured_pts,0.7825,0.1149,0.11,1,0.047471,,,OK,1
-dxfTGcXJoc_2,-dxfTGcXJoc$_$2,-dxfTGcXJoc,2,16.698,50,0.33396,768,74,35,39,333,250,39,50,50,0.78,1.0,1.0,1.0,uniform_assumption,measured_pts,measured_pts,1.0,0.4024,0.3754,1,0.095444,,,OK,1
-dxfTGcXJoc_6,-dxfTGcXJoc$_$6,-dxfTGcXJoc,6,12.735,50,0.2547,768,74,35,31,253,191,31,50,50,0.62,1.0,1.0,1.0,uniform_assumption,measured_pts,measured_pts,1.0,0.4032,0.3715,1,0.056413,A6_audio_shorter_than_video,音频容器时长短于视频且差值 >0.1s（恒为 ~0.17s，系统性）：AAC 编码器 priming/填充导致，非个别文件损坏。,OK_WITH_INFO,1
-egA8-b7-3M_26,-egA8-b7-3M$_$26,-egA8-b7-3M,26,6.031,50,0.12062,768,74,35,17,119,90,17,49,50,0.34,0.98,1.0,0.99,uniform_assumption,measured_pts,measured_pts,1.0,0.7647,0.7563,2,0.056884,A6_audio_shorter_than_video;A7_audio_valid_slots_lt_50,音频容器时长短于视频且差值 >0.1s（恒为 ~0.17s，系统性）：AAC 编码器 priming/填充导致，非个别文件损坏。 | A6 的直接后果：音频覆盖不到时间轴末端，尾部若干槽无源单元，由插值补齐并置 valid=False。,OK_WITH_INFO,1
-egA8-b7-3M_17,-egA8-b7-3M$_$17,-egA8-b7-3M,17,7.271,50,0.14542,768,74,35,19,142,108,19,49,50,0.38,0.98,1.0,0.99,uniform_assumption,measured_pts,measured_pts,1.0,0.6127,0.5634,1,0.063941,A6_audio_shorter_than_video;A7_audio_valid_slots_lt_50;VFR_frame_gap,音频容器时长短于视频且差值 >0.1s（恒为 ~0.17s，系统性）：AAC 编码器 priming/填充导致，非个别文件损坏。 | A6 的直接后果：音频覆盖不到时间轴末端，尾部若干槽无源单元，由插值补齐并置 valid=False。 | 帧间隔 >0.1s（最大 0.1667s，即丢失一帧）：源视频为变帧率。视觉 pts 用解码器实测值，故不影响对齐正确性。,OK_WITH_INFO,1
-egA8-b7-3M_18,-egA8-b7-3M$_$18,-egA8-b7-3M,18,8.386,50,0.16772,768,74,35,25,166,126,25,50,50,0.5,1.0,1.0,1.0,uniform_assumption,measured_pts,measured_pts,1.0,0.759,0.759,1,0.062616,A6_audio_shorter_than_video,音频容器时长短于视频且差值 >0.1s（恒为 ~0.17s，系统性）：AAC 编码器 priming/填充导致，非个别文件损坏。,OK_WITH_INFO,1
-egA8-b7-3M_16,-egA8-b7-3M$_$16,-egA8-b7-3M,16,5.538,50,0.11076,768,74,35,13,110,83,13,50,50,0.26,1.0,1.0,1.0,uniform_assumption,measured_pts,measured_pts,1.0,0.9182,0.8545,1,0.057266,,,OK,1
-egA8-b7-3M_13,-egA8-b7-3M$_$13,-egA8-b7-3M,13,4.184,50,0.08368,768,74,35,14,81,63,14,48,50,0.28,0.96,1.0,0.98,uniform_assumption,measured_pts,measured_pts,1.0,0.5432,0.5432,1,0.058121,A6_audio_shorter_than_video;A7_audio_valid_slots_lt_50,音频容器时长短于视频且差值 >0.1s（恒为 ~0.17s，系统性）：AAC 编码器 priming/填充导致，非个别文件损坏。 | A6 的直接后果：音频覆盖不到时间轴末端，尾部若干槽无源单元，由插值补齐并置 valid=False。,OK_WITH_INFO,1
-egA8-b7-3M_1,-egA8-b7-3M$_$1,-egA8-b7-3M,1,10.266,50,0.20532,768,74,35,22,204,154,22,50,50,0.44,1.0,1.0,1.0,uniform_assumption,measured_pts,measured_pts,1.0,0.7696,0.7451,1,0.059018,A6_audio_shorter_than_video,音频容器时长短于视频且差值 >0.1s（恒为 ~0.17s，系统性）：AAC 编码器 priming/填充导致，非个别文件损坏。,OK_WITH_INFO,1
-egA8-b7-3M_6,-egA8-b7-3M$_$6,-egA8-b7-3M,6,6.265,50,0.1253,768,74,35,13,124,94,13,50,50,0.26,1.0,1.0,1.0,uniform_assumption,measured_pts,measured_pts,1.0,0.7742,0.7742,1,0.057862,,,OK,1
-egA8-b7-3M_9,-egA8-b7-3M$_$9,-egA8-b7-3M,9,5.09,50,0.1018,768,74,35,12,99,76,12,49,50,0.24,0.98,1.0,0.99,uniform_assumption,measured_pts,measured_pts,1.0,0.7576,0.7576,1,0.061884,A6_audio_shorter_than_video;A7_audio_valid_slots_lt_50,音频容器时长短于视频且差值 >0.1s（恒为 ~0.17s，系统性）：AAC 编码器 priming/填充导致，非个别文件损坏。 | A6 的直接后果：音频覆盖不到时间轴末端，尾部若干槽无源单元，由插值补齐并置 valid=False。,OK_WITH_INFO,1
-egA8-b7-3M_20,-egA8-b7-3M$_$20,-egA8-b7-3M,20,6.645,50,0.1329,768,74,35,23,130,99,23,49,50,0.46,0.98,1.0,0.99,uniform_assumption,measured_pts,measured_pts,1.0,0.8077,0.8,1,0.059172,A6_audio_shorter_than_video;A7_audio_valid_slots_lt_50;VFR_frame_gap,音频容器时长短于视频且差值 >0.1s（恒为 ~0.17s，系统性）：AAC 编码器 priming/填充导致，非个别文件损坏。 | A6 的直接后果：音频覆盖不到时间轴末端，尾部若干槽无源单元，由插值补齐并置 valid=False。 | 帧间隔 >0.1s（最大 0.1667s，即丢失一帧）：源视频为变帧率。视觉 pts 用解码器实测值，故不影响对齐正确性。,OK_WITH_INFO,1
-iRBcNs9oI8_3,-iRBcNs9oI8$_$3,-iRBcNs9oI8,3,5.621,50,0.11242,768,74,35,9,111,84,9,49,50,0.18,0.98,1.0,0.99,uniform_assumption,measured_pts,measured_pts,1.0,0.6126,0.4955,2,0.013771,A7_audio_valid_slots_lt_50;VFR_frame_gap,A6 的直接后果：音频覆盖不到时间轴末端，尾部若干槽无源单元，由插值补齐并置 valid=False。 | 帧间隔 >0.1s（最大 0.1667s，即丢失一帧）：源视频为变帧率。视觉 pts 用解码器实测值，故不影响对齐正确性。,OK_WITH_INFO,1
-iRBcNs9oI8_7,-iRBcNs9oI8$_$7,-iRBcNs9oI8,7,4.104,50,0.08208,768,74,35,14,81,61,14,49,49,0.28,0.98,0.98,0.98,uniform_assumption,measured_pts,measured_pts,1.0,0.6543,0.5309,2,0.013064,A7_audio_valid_slots_lt_50;VFR_frame_gap,A6 的直接后果：音频覆盖不到时间轴末端，尾部若干槽无源单元，由插值补齐并置 valid=False。 | 帧间隔 >0.1s（最大 0.1667s，即丢失一帧）：源视频为变帧率。视觉 pts 用解码器实测值，故不影响对齐正确性。,OK_WITH_INFO,1
-iRBcNs9oI8_6,-iRBcNs9oI8$_$6,-iRBcNs9oI8,6,2.903,50,0.05806,768,74,35,5,57,43,5,49,43,0.1,0.98,0.86,0.92,uniform_assumption,measured_pts,measured_pts,1.0,0.807,0.7018,2,0.01317,A7_audio_valid_slots_lt_50;VFR_frame_gap,A6 的直接后果：音频覆盖不到时间轴末端，尾部若干槽无源单元，由插值补齐并置 valid=False。 | 帧间隔 >0.1s（最大 0.1667s，即丢失一帧）：源视频为变帧率。视觉 pts 用解码器实测值，故不影响对齐正确性。,OK_WITH_INFO,1
-iRBcNs9oI8_9,-iRBcNs9oI8$_$9,-iRBcNs9oI8,9,3.416,50,0.06832,768,74,35,5,68,51,5,50,49,0.1,1.0,0.98,0.99,uniform_assumption,measured_pts,measured_pts,0.8824,0.3382,0.2206,1,0.013551,,,OK,1
-iRBcNs9oI8_8,-iRBcNs9oI8$_$8,-iRBcNs9oI8,8,8.093,50,0.16186,768,74,35,25,161,121,25,50,50,0.5,1.0,1.0,1.0,uniform_assumption,measured_pts,measured_pts,1.0,0.472,0.4286,1,0.012391,VFR_frame_gap,帧间隔 >0.1s（最大 0.1667s，即丢失一帧）：源视频为变帧率。视觉 pts 用解码器实测值，故不影响对齐正确性。,OK_WITH_INFO,1
-lzEya4AM_4_5,-lzEya4AM_4$_$5,-lzEya4AM_4,5,7.675,50,0.1535,768,74,35,21,152,115,21,50,50,0.42,1.0,1.0,1.0,uniform_assumption,measured_pts,measured_pts,1.0,0.7368,0.4803,1,0.031347,A6_audio_shorter_than_video,音频容器时长短于视频且差值 >0.1s（恒为 ~0.17s，系统性）：AAC 编码器 priming/填充导致，非个别文件损坏。,OK_WITH_INFO,1
-lzEya4AM_4_6,-lzEya4AM_4$_$6,-lzEya4AM_4,6,14.792,50,0.29584,768,74,35,46,295,222,46,50,50,0.92,1.0,1.0,1.0,uniform_assumption,measured_pts,measured_pts,1.0,0.6,0.3932,1,0.033805,,,OK,1
-mJ2ud6oKI8_1,-mJ2ud6oKI8$_$1,-mJ2ud6oKI8,1,6.103,50,0.12206,768,74,35,13,122,91,13,50,50,0.26,1.0,1.0,1.0,uniform_assumption,measured_pts,measured_pts,0.0,0.0,0.0,0,0.0,A1_audio_digital_silence;A3_vision_face_all_fail;A5_vision_energy_zero_but_valid;LONG_PAUSE,音轨为数字静音：包络恒为 0，全程无任何音频内容。该样本的语音特征不可解读为「情感平淡」，应视为模态缺失。 | MTCNN 在全部帧均未检出人脸（face_ratio=0），视觉特征为零向量。**不得据此删样本**——这正是题目要求的「面部检测失败」场景。 | 视觉特征能量恰为 0，但 *_valid 掩码仍有 True：**掩码语义陷阱的实证**——valid=True 仅表示槽被分配了单元，不代表该模态可用。可用性必须看 face_ratio。 | 有声帧占比 <0.1：含明显停顿结构。这是题目要求的「停顿明显」一类样本，**保留而非剔除**。,OK_WITH_WARN,1
-mJ2ud6oKI8_2,-mJ2ud6oKI8$_$2,-mJ2ud6oKI8,2,5.731,50,0.11462,768,74,35,11,115,86,11,50,50,0.22,1.0,1.0,1.0,uniform_assumption,measured_pts,measured_pts,0.5698,0.0,0.0,1,0.010625,A1_audio_digital_silence;LONG_PAUSE,音轨为数字静音：包络恒为 0，全程无任何音频内容。该样本的语音特征不可解读为「情感平淡」，应视为模态缺失。 | 有声帧占比 <0.1：含明显停顿结构。这是题目要求的「停顿明显」一类样本，**保留而非剔除**。,OK_WITH_WARN,1
-mJ2ud6oKI8_6,-mJ2ud6oKI8$_$6,-mJ2ud6oKI8,6,2.257,50,0.04514,768,74,35,5,45,34,5,45,34,0.1,0.9,0.68,0.79,uniform_assumption,measured_pts,measured_pts,1.0,0.4222,0.4222,2,0.03283,A7_audio_valid_slots_lt_50,A6 的直接后果：音频覆盖不到时间轴末端，尾部若干槽无源单元，由插值补齐并置 valid=False。,OK_WITH_INFO,1
-mJ2ud6oKI8_9,-mJ2ud6oKI8$_$9,-mJ2ud6oKI8,9,7.033,50,0.14066,768,74,35,25,139,105,25,50,50,0.5,1.0,1.0,1.0,uniform_assumption,measured_pts,measured_pts,1.0,0.705,0.705,1,0.05845,A6_audio_shorter_than_video;VFR_frame_gap,音频容器时长短于视频且差值 >0.1s（恒为 ~0.17s，系统性）：AAC 编码器 priming/填充导致，非个别文件损坏。 | 帧间隔 >0.1s（最大 0.1667s，即丢失一帧）：源视频为变帧率。视觉 pts 用解码器实测值，故不影响对齐正确性。,OK_WITH_INFO,1
-mJ2ud6oKI8_8,-mJ2ud6oKI8$_$8,-mJ2ud6oKI8,8,4.192,50,0.08384,768,74,35,11,84,63,11,50,50,0.22,1.0,1.0,1.0,uniform_assumption,measured_pts,measured_pts,1.0,0.6905,0.6905,1,0.032531,,,OK,1
-mqbVkbCndg_0,-mqbVkbCndg$_$0,-mqbVkbCndg,0,6.4667,50,0.12933,768,74,35,17,128,98,17,50,50,0.34,1.0,1.0,1.0,uniform_assumption,measured_pts,measured_pts,1.0,0.7891,0.5859,1,0.120023,,,OK,1
-t217m2on-s_2,-t217m2on-s$_$2,-t217m2on-s,2,5.686,50,0.11372,768,74,35,14,113,85,14,50,50,0.28,1.0,1.0,1.0,uniform_assumption,measured_pts,measured_pts,1.0,0.6991,0.5575,1,0.031643,,,OK,1
-t217m2on-s_7,-t217m2on-s$_$7,-t217m2on-s,7,17.183,50,0.34366,768,74,35,50,341,257,50,50,50,1.0,1.0,1.0,1.0,uniform_assumption,measured_pts,measured_pts,1.0,0.4721,0.4399,1,0.031631,A6_audio_shorter_than_video;VFR_frame_gap,音频容器时长短于视频且差值 >0.1s（恒为 ~0.17s，系统性）：AAC 编码器 priming/填充导致，非个别文件损坏。 | 帧间隔 >0.1s（最大 0.1667s，即丢失一帧）：源视频为变帧率。视觉 pts 用解码器实测值，故不影响对齐正确性。,OK_WITH_INFO,1
-tANM6ETl_M_3,-tANM6ETl_M$_$3,-tANM6ETl_M,3,6.758,50,0.13516,768,74,35,27,133,101,27,49,50,0.54,0.98,1.0,0.99,uniform_assumption,measured_pts,measured_pts,1.0,0.594,0.5414,1,0.049854,A6_audio_shorter_than_video;A7_audio_valid_slots_lt_50,音频容器时长短于视频且差值 >0.1s（恒为 ~0.17s，系统性）：AAC 编码器 priming/填充导致，非个别文件损坏。 | A6 的直接后果：音频覆盖不到时间轴末端，尾部若干槽无源单元，由插值补齐并置 valid=False。,OK_WITH_INFO,1
-tPCytz4rww_11,-tPCytz4rww$_$11,-tPCytz4rww,11,5.467,50,0.10934,768,74,35,19,108,82,19,49,50,0.38,0.98,1.0,0.99,uniform_assumption,measured_pts,measured_pts,1.0,0.8519,0.75,2,0.038367,A7_audio_valid_slots_lt_50,A6 的直接后果：音频覆盖不到时间轴末端，尾部若干槽无源单元，由插值补齐并置 valid=False。,OK_WITH_INFO,1
-tPCytz4rww_10,-tPCytz4rww$_$10,-tPCytz4rww,10,4.789,50,0.09578,768,74,35,14,94,72,14,49,50,0.28,0.98,1.0,0.99,uniform_assumption,measured_pts,measured_pts,1.0,0.3617,0.2766,1,0.039886,A6_audio_shorter_than_video;A7_audio_valid_slots_lt_50,音频容器时长短于视频且差值 >0.1s（恒为 ~0.17s，系统性）：AAC 编码器 priming/填充导致，非个别文件损坏。 | A6 的直接后果：音频覆盖不到时间轴末端，尾部若干槽无源单元，由插值补齐并置 valid=False。,OK_WITH_INFO,1
-tPCytz4rww_12,-tPCytz4rww$_$12,-tPCytz4rww,12,11.864,50,0.23728,768,74,35,28,235,178,28,50,50,0.56,1.0,1.0,1.0,uniform_assumption,measured_pts,measured_pts,1.0,0.7787,0.7106,2,0.042798,A6_audio_shorter_than_video,音频容器时长短于视频且差值 >0.1s（恒为 ~0.17s，系统性）：AAC 编码器 priming/填充导致，非个别文件损坏。,OK_WITH_INFO,1
-tPCytz4rww_16,-tPCytz4rww$_$16,-tPCytz4rww,16,7.206,50,0.14412,768,74,35,17,143,108,17,50,50,0.34,1.0,1.0,1.0,uniform_assumption,measured_pts,measured_pts,1.0,0.6783,0.5734,1,0.037219,,,OK,1
-tPCytz4rww_18,-tPCytz4rww$_$18,-tPCytz4rww,18,6.645,50,0.1329,768,74,35,19,132,100,19,50,50,0.38,1.0,1.0,1.0,uniform_assumption,measured_pts,measured_pts,1.0,0.7803,0.6591,2,0.037795,,,OK,1
-vxjVxOeScU_4,-vxjVxOeScU$_$4,-vxjVxOeScU,4,9.127,50,0.18254,768,74,35,25,181,137,25,50,50,0.5,1.0,1.0,1.0,uniform_assumption,measured_pts,measured_pts,1.0,0.547,0.5193,2,0.054284,,,OK,1
-wMB_hJL-3o_7,-wMB_hJL-3o$_$7,-wMB_hJL-3o,7,6.044,50,0.12088,768,74,35,23,120,91,23,50,50,0.46,1.0,1.0,1.0,uniform_assumption,measured_pts,measured_pts,0.967,0.8,0.5833,1,0.046791,,,OK,1
-wny0OAz3g8_1,-wny0OAz3g8$_$1,-wny0OAz3g8,1,6.844,50,0.13688,768,74,35,26,136,103,26,50,50,0.52,1.0,1.0,1.0,uniform_assumption,measured_pts,measured_pts,1.0,0.7132,0.6912,2,0.017451,,,OK,1
-wny0OAz3g8_0,-wny0OAz3g8$_$0,-wny0OAz3g8,0,3.3333,50,0.06667,768,74,35,10,66,50,10,49,50,0.2,0.98,1.0,0.99,uniform_assumption,measured_pts,measured_pts,1.0,0.8788,0.8636,1,0.039663,A7_audio_valid_slots_lt_50,A6 的直接后果：音频覆盖不到时间轴末端，尾部若干槽无源单元，由插值补齐并置 valid=False。,OK_WITH_INFO,1
-wny0OAz3g8_3,-wny0OAz3g8$_$3,-wny0OAz3g8,3,6.146,50,0.12292,768,74,35,20,122,92,20,50,50,0.4,1.0,1.0,1.0,uniform_assumption,measured_pts,measured_pts,1.0,1.0,0.9836,1,0.016814,,,OK,1
-wny0OAz3g8_2,-wny0OAz3g8$_$2,-wny0OAz3g8,2,6.687,50,0.13374,768,74,35,27,131,99,27,49,50,0.54,0.98,1.0,0.99,uniform_assumption,measured_pts,measured_pts,1.0,0.7252,0.687,1,0.037911,A6_audio_shorter_than_video;A7_audio_valid_slots_lt_50;VFR_frame_gap,音频容器时长短于视频且差值 >0.1s（恒为 ~0.17s，系统性）：AAC 编码器 priming/填充导致，非个别文件损坏。 | A6 的直接后果：音频覆盖不到时间轴末端，尾部若干槽无源单元，由插值补齐并置 valid=False。 | 帧间隔 >0.1s（最大 0.1667s，即丢失一帧）：源视频为变帧率。视觉 pts 用解码器实测值，故不影响对齐正确性。,OK_WITH_INFO,1
-wny0OAz3g8_5,-wny0OAz3g8$_$5,-wny0OAz3g8,5,6.912,50,0.13824,768,74,35,22,135,103,22,49,50,0.44,0.98,1.0,0.99,uniform_assumption,measured_pts,measured_pts,1.0,0.5481,0.5407,3,0.016659,A6_audio_shorter_than_video;A7_audio_valid_slots_lt_50;VFR_frame_gap,音频容器时长短于视频且差值 >0.1s（恒为 ~0.17s，系统性）：AAC 编码器 priming/填充导致，非个别文件损坏。 | A6 的直接后果：音频覆盖不到时间轴末端，尾部若干槽无源单元，由插值补齐并置 valid=False。 | 帧间隔 >0.1s（最大 0.1667s，即丢失一帧）：源视频为变帧率。视觉 pts 用解码器实测值，故不影响对齐正确性。,OK_WITH_INFO,1
-wny0OAz3g8_7,-wny0OAz3g8$_$7,-wny0OAz3g8,7,8.068,50,0.16136,768,74,35,29,159,121,29,49,50,0.58,0.98,1.0,0.99,uniform_assumption,measured_pts,measured_pts,1.0,0.8365,0.8302,2,0.016195,A6_audio_shorter_than_video;A7_audio_valid_slots_lt_50,音频容器时长短于视频且差值 >0.1s（恒为 ~0.17s，系统性）：AAC 编码器 priming/填充导致，非个别文件损坏。 | A6 的直接后果：音频覆盖不到时间轴末端，尾部若干槽无源单元，由插值补齐并置 valid=False。,OK_WITH_INFO,1
-wny0OAz3g8_9,-wny0OAz3g8$_$9,-wny0OAz3g8,9,6.213,50,0.12426,768,74,35,22,121,92,22,49,50,0.44,0.98,1.0,0.99,uniform_assumption,measured_pts,measured_pts,1.0,0.9091,0.9091,1,0.036586,A6_audio_shorter_than_video;A7_audio_valid_slots_lt_50;VFR_frame_gap,音频容器时长短于视频且差值 >0.1s（恒为 ~0.17s，系统性）：AAC 编码器 priming/填充导致，非个别文件损坏。 | A6 的直接后果：音频覆盖不到时间轴末端，尾部若干槽无源单元，由插值补齐并置 valid=False。 | 帧间隔 >0.1s（最大 0.1667s，即丢失一帧）：源视频为变帧率。视觉 pts 用解码器实测值，故不影响对齐正确性。,OK_WITH_INFO,1
-571d8cVauQ_0,-571d8cVauQ$_$0,-571d8cVauQ,0,5.0667,50,0.10133,768,74,35,14,100,77,14,49,50,0.28,0.98,1.0,0.99,uniform_assumption,measured_pts,measured_pts,0.961,0.7,0.67,1,0.069104,A7_audio_valid_slots_lt_50;A8_pts_beyond_axis;VFR_frame_gap,A6 的直接后果：音频覆盖不到时间轴末端，尾部若干槽无源单元，由插值补齐并置 valid=False。 | 视觉末帧 PTS 越出公共时间轴（+0.033~+0.067s），被 time_to_slot 的 clip 并入末槽。已有意为之并显式计数。 | 帧间隔 >0.1s（最大 0.1667s，即丢失一帧）：源视频为变帧率。视觉 pts 用解码器实测值，故不影响对齐正确性。,OK_WITH_WARN,1
-571d8cVauQ_5,-571d8cVauQ$_$5,-571d8cVauQ,5,15.273,50,0.30546,768,74,35,50,303,228,50,50,50,1.0,1.0,1.0,1.0,uniform_assumption,measured_pts,measured_pts,1.0,0.637,0.5512,1,0.050613,A6_audio_shorter_than_video;VFR_frame_gap,音频容器时长短于视频且差值 >0.1s（恒为 ~0.17s，系统性）：AAC 编码器 priming/填充导致，非个别文件损坏。 | 帧间隔 >0.1s（最大 0.1667s，即丢失一帧）：源视频为变帧率。视觉 pts 用解码器实测值，故不影响对齐正确性。,OK_WITH_INFO,1
-I_e4mIh0yE_1,-I_e4mIh0yE$_$1,-I_e4mIh0yE,1,7.622,50,0.15244,768,74,35,20,149,113,20,49,50,0.4,0.98,1.0,0.99,uniform_assumption,measured_pts,measured_pts,1.0,0.6242,0.604,1,0.077432,A6_audio_shorter_than_video;A7_audio_valid_slots_lt_50;VFR_frame_gap,音频容器时长短于视频且差值 >0.1s（恒为 ~0.17s，系统性）：AAC 编码器 priming/填充导致，非个别文件损坏。 | A6 的直接后果：音频覆盖不到时间轴末端，尾部若干槽无源单元，由插值补齐并置 valid=False。 | 帧间隔 >0.1s（最大 0.1667s，即丢失一帧）：源视频为变帧率。视觉 pts 用解码器实测值，故不影响对齐正确性。,OK_WITH_INFO,1
-I_e4mIh0yE_3,-I_e4mIh0yE$_$3,-I_e4mIh0yE,3,9.163,50,0.18326,768,74,35,27,180,136,27,49,50,0.54,0.98,1.0,0.99,uniform_assumption,measured_pts,measured_pts,1.0,0.55,0.4889,1,0.075602,A6_audio_shorter_than_video;A7_audio_valid_slots_lt_50;VFR_frame_gap,音频容器时长短于视频且差值 >0.1s（恒为 ~0.17s，系统性）：AAC 编码器 priming/填充导致，非个别文件损坏。 | A6 的直接后果：音频覆盖不到时间轴末端，尾部若干槽无源单元，由插值补齐并置 valid=False。 | 帧间隔 >0.1s（最大 0.1667s，即丢失一帧）：源视频为变帧率。视觉 pts 用解码器实测值，故不影响对齐正确性。,OK_WITH_INFO,1
-UacrmKiTn4_10,-UacrmKiTn4$_$10,-UacrmKiTn4,10,7.362,50,0.14724,768,74,35,21,145,110,21,49,50,0.42,0.98,1.0,0.99,uniform_assumption,measured_pts,measured_pts,1.0,0.4552,0.4552,1,0.096834,A6_audio_shorter_than_video;A7_audio_valid_slots_lt_50,音频容器时长短于视频且差值 >0.1s（恒为 ~0.17s，系统性）：AAC 编码器 priming/填充导致，非个别文件损坏。 | A6 的直接后果：音频覆盖不到时间轴末端，尾部若干槽无源单元，由插值补齐并置 valid=False。,OK_WITH_INFO,1
-UacrmKiTn4_4,-UacrmKiTn4$_$4,-UacrmKiTn4,4,4.741,50,0.09482,768,74,35,15,94,71,15,50,50,0.3,1.0,1.0,1.0,uniform_assumption,measured_pts,measured_pts,1.0,0.6064,0.6064,2,0.10157,,,OK,1
-hnBHBN8p5A_7,-hnBHBN8p5A$_$7,-hnBHBN8p5A,7,7.372,50,0.14744,768,74,35,16,147,110,16,50,50,0.32,1.0,1.0,1.0,uniform_assumption,measured_pts,measured_pts,1.0,0.4762,0.4762,2,0.013976,,,OK,1
-hnBHBN8p5A_6,-hnBHBN8p5A$_$6,-hnBHBN8p5A,6,6.401,50,0.12802,768,74,35,14,127,96,14,50,50,0.28,1.0,1.0,1.0,uniform_assumption,measured_pts,measured_pts,0.9792,0.2598,0.2598,1,0.02036,,,OK,1
-qDkUB0GgYY_6,-qDkUB0GgYY$_$6,-qDkUB0GgYY,6,4.678,50,0.09356,768,74,35,18,93,70,18,50,50,0.36,1.0,1.0,1.0,uniform_assumption,measured_pts,measured_pts,1.0,0.9462,0.9032,1,0.211618,,,OK,1
-uywlfIYOS8_4,-uywlfIYOS8$_$4,-uywlfIYOS8,4,6.045,50,0.1209,768,74,35,21,118,91,21,49,50,0.42,0.98,1.0,0.99,uniform_assumption,measured_pts,measured_pts,1.0,0.8644,0.8644,1,0.067217,A6_audio_shorter_than_video;A7_audio_valid_slots_lt_50,音频容器时长短于视频且差值 >0.1s（恒为 ~0.17s，系统性）：AAC 编码器 priming/填充导致，非个别文件损坏。 | A6 的直接后果：音频覆盖不到时间轴末端，尾部若干槽无源单元，由插值补齐并置 valid=False。,OK_WITH_INFO,1
-6rXp3zJ3kc_8,-6rXp3zJ3kc$_$8,-6rXp3zJ3kc,8,12.805,50,0.2561,768,74,35,36,255,192,36,50,50,0.72,1.0,1.0,1.0,uniform_assumption,measured_pts,measured_pts,1.0,0.8941,0.8745,1,0.057782,,,OK,1
-9y-fZ3swSY_0,-9y-fZ3swSY$_$0,-9y-fZ3swSY,0,6.8333,50,0.13667,768,74,35,27,136,104,27,50,50,0.54,1.0,1.0,1.0,uniform_assumption,measured_pts,measured_pts,1.0,0.5882,0.5368,1,0.024738,A8_pts_beyond_axis,视觉末帧 PTS 越出公共时间轴（+0.033~+0.067s），被 time_to_slot 的 clip 并入末槽。已有意为之并显式计数。,OK_WITH_WARN,1
-9y-fZ3swSY_4,-9y-fZ3swSY$_$4,-9y-fZ3swSY,4,2.821,50,0.05642,768,74,35,10,54,41,10,47,41,0.2,0.94,0.82,0.88,uniform_assumption,measured_pts,measured_pts,1.0,0.3519,0.3519,1,0.025842,A6_audio_shorter_than_video;A7_audio_valid_slots_lt_50;VFR_frame_gap,音频容器时长短于视频且差值 >0.1s（恒为 ~0.17s，系统性）：AAC 编码器 priming/填充导致，非个别文件损坏。 | A6 的直接后果：音频覆盖不到时间轴末端，尾部若干槽无源单元，由插值补齐并置 valid=False。 | 帧间隔 >0.1s（最大 0.1667s，即丢失一帧）：源视频为变帧率。视觉 pts 用解码器实测值，故不影响对齐正确性。,OK_WITH_INFO,1
-9y-fZ3swSY_8,-9y-fZ3swSY$_$8,-9y-fZ3swSY,8,4.989,50,0.09978,768,74,35,13,99,75,13,50,50,0.26,1.0,1.0,1.0,uniform_assumption,measured_pts,measured_pts,1.0,0.2525,0.2323,1,0.020015,,,OK,1
-AUZQgSxyPQ_2,-AUZQgSxyPQ$_$2,-AUZQgSxyPQ,2,22.511,50,0.45022,768,74,35,46,449,338,46,50,50,0.92,1.0,1.0,1.0,uniform_assumption,measured_pts,measured_pts,1.0,0.1938,0.1938,1,0.056799,A6_audio_shorter_than_video,音频容器时长短于视频且差值 >0.1s（恒为 ~0.17s，系统性）：AAC 编码器 priming/填充导致，非个别文件损坏。,OK_WITH_INFO,1
-HeZS2-Prhc_2,-HeZS2-Prhc$_$2,-HeZS2-Prhc,2,8.262,50,0.16524,768,74,35,17,164,124,17,50,50,0.34,1.0,1.0,1.0,uniform_assumption,measured_pts,measured_pts,1.0,0.561,0.4817,1,0.271811,A6_audio_shorter_than_video,音频容器时长短于视频且差值 >0.1s（恒为 ~0.17s，系统性）：AAC 编码器 priming/填充导致，非个别文件损坏。,OK_WITH_INFO,1
-MeTTeMJBNc_0,-MeTTeMJBNc$_$0,-MeTTeMJBNc,0,9.3,50,0.186,768,74,35,25,185,140,25,50,50,0.5,1.0,1.0,1.0,uniform_assumption,measured_pts,measured_pts,0.9929,0.3405,0.2973,2,0.040534,,,OK,1
-MeTTeMJBNc_13,-MeTTeMJBNc$_$13,-MeTTeMJBNc,13,5.43,50,0.1086,768,74,35,16,106,80,16,49,49,0.32,0.98,0.98,0.98,uniform_assumption,measured_pts,measured_pts,1.0,0.0755,0.0755,1,0.041946,A6_audio_shorter_than_video;A7_audio_valid_slots_lt_50;LONG_PAUSE;VFR_frame_gap,音频容器时长短于视频且差值 >0.1s（恒为 ~0.17s，系统性）：AAC 编码器 priming/填充导致，非个别文件损坏。 | A6 的直接后果：音频覆盖不到时间轴末端，尾部若干槽无源单元，由插值补齐并置 valid=False。 | 有声帧占比 <0.1：含明显停顿结构。这是题目要求的「停顿明显」一类样本，**保留而非剔除**。 | 帧间隔 >0.1s（最大 0.1667s，即丢失一帧）：源视频为变帧率。视觉 pts 用解码器实测值，故不影响对齐正确性。,OK_WITH_INFO,1
-MeTTeMJBNc_7,-MeTTeMJBNc$_$7,-MeTTeMJBNc,7,10.517,50,0.21034,768,74,35,33,209,158,33,50,50,0.66,1.0,1.0,1.0,uniform_assumption,measured_pts,measured_pts,1.0,0.4258,0.4211,1,0.040259,A6_audio_shorter_than_video,音频容器时长短于视频且差值 >0.1s（恒为 ~0.17s，系统性）：AAC 编码器 priming/填充导致，非个别文件损坏。,OK_WITH_INFO,1
-RfYyzHpjk4_11,-RfYyzHpjk4$_$11,-RfYyzHpjk4,11,5.239,50,0.10478,768,74,35,19,102,78,19,49,50,0.38,0.98,1.0,0.99,uniform_assumption,measured_pts,measured_pts,1.0,0.6176,0.4902,1,0.054512,A6_audio_shorter_than_video;A7_audio_valid_slots_lt_50;VFR_frame_gap,音频容器时长短于视频且差值 >0.1s（恒为 ~0.17s，系统性）：AAC 编码器 priming/填充导致，非个别文件损坏。 | A6 的直接后果：音频覆盖不到时间轴末端，尾部若干槽无源单元，由插值补齐并置 valid=False。 | 帧间隔 >0.1s（最大 0.1667s，即丢失一帧）：源视频为变帧率。视觉 pts 用解码器实测值，故不影响对齐正确性。,OK_WITH_INFO,1
-RfYyzHpjk4_8,-RfYyzHpjk4$_$8,-RfYyzHpjk4,8,4.589,50,0.09178,768,74,35,20,91,69,20,50,50,0.4,1.0,1.0,1.0,uniform_assumption,measured_pts,measured_pts,1.0,0.7143,0.6703,1,0.054915,,,OK,1
-RfYyzHpjk4_2,-RfYyzHpjk4$_$2,-RfYyzHpjk4,2,5.516,50,0.11032,768,74,35,28,108,83,28,49,50,0.56,0.98,1.0,0.99,uniform_assumption,measured_pts,measured_pts,1.0,0.7593,0.6481,1,0.01999,A6_audio_shorter_than_video;A7_audio_valid_slots_lt_50,音频容器时长短于视频且差值 >0.1s（恒为 ~0.17s，系统性）：AAC 编码器 priming/填充导致，非个别文件损坏。 | A6 的直接后果：音频覆盖不到时间轴末端，尾部若干槽无源单元，由插值补齐并置 valid=False。,OK_WITH_INFO,1
-UUCSKoHeMA_0,-UUCSKoHeMA$_$0,-UUCSKoHeMA,0,7.8,50,0.156,768,74,35,21,155,118,21,50,50,0.42,1.0,1.0,1.0,uniform_assumption,measured_pts,measured_pts,0.9915,0.4387,0.2968,1,0.095298,A8_pts_beyond_axis,视觉末帧 PTS 越出公共时间轴（+0.033~+0.067s），被 time_to_slot 的 clip 并入末槽。已有意为之并显式计数。,OK_WITH_WARN,1
-ri04Z7vwnc_0,-ri04Z7vwnc$_$0,-ri04Z7vwnc,0,2.807,50,0.05614,768,74,35,8,56,42,8,49,38,0.16,0.98,0.76,0.87,uniform_assumption,measured_pts,measured_pts,0.0,0.9464,0.9464,0,0.0,A3_vision_face_all_fail;A5_vision_energy_zero_but_valid;A7_audio_valid_slots_lt_50,MTCNN 在全部帧均未检出人脸（face_ratio=0），视觉特征为零向量。**不得据此删样本**——这正是题目要求的「面部检测失败」场景。 | 视觉特征能量恰为 0，但 *_valid 掩码仍有 True：**掩码语义陷阱的实证**——valid=True 仅表示槽被分配了单元，不代表该模态可用。可用性必须看 face_ratio。 | A6 的直接后果：音频覆盖不到时间轴末端，尾部若干槽无源单元，由插值补齐并置 valid=False。,OK_WITH_WARN,1
-ri04Z7vwnc_2,-ri04Z7vwnc$_$2,-ri04Z7vwnc,2,6.027,50,0.12054,768,74,35,22,119,90,22,49,50,0.44,0.98,1.0,0.99,uniform_assumption,measured_pts,measured_pts,0.3667,0.8739,0.8235,1,0.028042,A4_vision_face_partial;A6_audio_shorter_than_video;A7_audio_valid_slots_lt_50,人脸仅部分帧检出（0<face_ratio<0.5）：未检出帧由相邻有效帧插值补齐，这些帧的视觉特征不具溯源资格。 | 音频容器时长短于视频且差值 >0.1s（恒为 ~0.17s，系统性）：AAC 编码器 priming/填充导致，非个别文件损坏。 | A6 的直接后果：音频覆盖不到时间轴末端，尾部若干槽无源单元，由插值补齐并置 valid=False。,OK_WITH_WARN,1
-ri04Z7vwnc_5,-ri04Z7vwnc$_$5,-ri04Z7vwnc,5,3.545,50,0.0709,768,74,35,10,69,52,10,48,43,0.2,0.96,0.86,0.91,uniform_assumption,measured_pts,measured_pts,1.0,0.2754,0.2754,2,0.042648,A6_audio_shorter_than_video;A7_audio_valid_slots_lt_50;VFR_frame_gap,音频容器时长短于视频且差值 >0.1s（恒为 ~0.17s，系统性）：AAC 编码器 priming/填充导致，非个别文件损坏。 | A6 的直接后果：音频覆盖不到时间轴末端，尾部若干槽无源单元，由插值补齐并置 valid=False。 | 帧间隔 >0.1s（最大 0.1667s，即丢失一帧）：源视频为变帧率。视觉 pts 用解码器实测值，故不影响对齐正确性。,OK_WITH_INFO,1
-s9qJ7ATP7w_1,-s9qJ7ATP7w$_$1,-s9qJ7ATP7w,1,4.792,50,0.09584,768,74,35,12,93,71,12,48,49,0.24,0.96,0.98,0.97,uniform_assumption,measured_pts,measured_pts,1.0,0.5161,0.5161,2,0.025296,A6_audio_shorter_than_video;A7_audio_valid_slots_lt_50;VFR_frame_gap,音频容器时长短于视频且差值 >0.1s（恒为 ~0.17s，系统性）：AAC 编码器 priming/填充导致，非个别文件损坏。 | A6 的直接后果：音频覆盖不到时间轴末端，尾部若干槽无源单元，由插值补齐并置 valid=False。 | 帧间隔 >0.1s（最大 0.1667s，即丢失一帧）：源视频为变帧率。视觉 pts 用解码器实测值，故不影响对齐正确性。,OK_WITH_INFO,1
-s9qJ7ATP7w_0,-s9qJ7ATP7w$_$0,-s9qJ7ATP7w,0,6.8,50,0.136,768,74,35,28,135,103,28,50,50,0.56,1.0,1.0,1.0,uniform_assumption,measured_pts,measured_pts,1.0,0.8519,0.8519,2,0.027113,A8_pts_beyond_axis,视觉末帧 PTS 越出公共时间轴（+0.033~+0.067s），被 time_to_slot 的 clip 并入末槽。已有意为之并显式计数。,OK_WITH_WARN,1
-s9qJ7ATP7w_5,-s9qJ7ATP7w$_$5,-s9qJ7ATP7w,5,8.561,50,0.17122,768,74,35,20,168,127,20,49,50,0.4,0.98,1.0,0.99,uniform_assumption,measured_pts,measured_pts,1.0,0.9464,0.9464,1,0.028294,A6_audio_shorter_than_video;A7_audio_valid_slots_lt_50;VFR_frame_gap,音频容器时长短于视频且差值 >0.1s（恒为 ~0.17s，系统性）：AAC 编码器 priming/填充导致，非个别文件损坏。 | A6 的直接后果：音频覆盖不到时间轴末端，尾部若干槽无源单元，由插值补齐并置 valid=False。 | 帧间隔 >0.1s（最大 0.1667s，即丢失一帧）：源视频为变帧率。视觉 pts 用解码器实测值，故不影响对齐正确性。,OK_WITH_INFO,1
-s9qJ7ATP7w_4,-s9qJ7ATP7w$_$4,-s9qJ7ATP7w,4,4.427,50,0.08854,768,74,35,10,85,65,10,48,49,0.2,0.96,0.98,0.97,uniform_assumption,measured_pts,measured_pts,1.0,0.5765,0.5765,3,0.027924,A6_audio_shorter_than_video;A7_audio_valid_slots_lt_50;VFR_frame_gap,音频容器时长短于视频且差值 >0.1s（恒为 ~0.17s，系统性）：AAC 编码器 priming/填充导致，非个别文件损坏。 | A6 的直接后果：音频覆盖不到时间轴末端，尾部若干槽无源单元，由插值补齐并置 valid=False。 | 帧间隔 >0.1s（最大 0.1667s，即丢失一帧）：源视频为变帧率。视觉 pts 用解码器实测值，故不影响对齐正确性。,OK_WITH_INFO,1
-s9qJ7ATP7w_7,-s9qJ7ATP7w$_$7,-s9qJ7ATP7w,7,6.966,50,0.13932,768,74,35,35,137,104,35,49,50,0.7,0.98,1.0,0.99,uniform_assumption,measured_pts,measured_pts,0.7596,0.6131,0.5766,2,0.084517,A6_audio_shorter_than_video;A7_audio_valid_slots_lt_50,音频容器时长短于视频且差值 >0.1s（恒为 ~0.17s，系统性）：AAC 编码器 priming/填充导致，非个别文件损坏。 | A6 的直接后果：音频覆盖不到时间轴末端，尾部若干槽无源单元，由插值补齐并置 valid=False。,OK_WITH_INFO,1
-s9qJ7ATP7w_6,-s9qJ7ATP7w$_$6,-s9qJ7ATP7w,6,2.475,50,0.0495,768,74,35,5,47,36,5,47,36,0.1,0.94,0.72,0.83,uniform_assumption,measured_pts,measured_pts,0.8611,0.2553,0.2553,1,0.025858,A6_audio_shorter_than_video;A7_audio_valid_slots_lt_50;VFR_frame_gap,音频容器时长短于视频且差值 >0.1s（恒为 ~0.17s，系统性）：AAC 编码器 priming/填充导致，非个别文件损坏。 | A6 的直接后果：音频覆盖不到时间轴末端，尾部若干槽无源单元，由插值补齐并置 valid=False。 | 帧间隔 >0.1s（最大 0.1667s，即丢失一帧）：源视频为变帧率。视觉 pts 用解码器实测值，故不影响对齐正确性。,OK_WITH_INFO,1
-s9qJ7ATP7w_8,-s9qJ7ATP7w$_$8,-s9qJ7ATP7w,8,3.295,50,0.0659,768,74,35,17,64,49,17,48,49,0.34,0.96,0.98,0.97,uniform_assumption,measured_pts,measured_pts,1.0,0.0,0.0,2,0.098052,A2_vad_zero_but_energy;A6_audio_shorter_than_video;A7_audio_valid_slots_lt_50;LONG_PAUSE,VAD 判定有声帧为 0，但包络存在非零能量：VAD 阈值相对该样本的整体低电平偏严。特征本身有效，仅有声标记偏保守。 | 音频容器时长短于视频且差值 >0.1s（恒为 ~0.17s，系统性）：AAC 编码器 priming/填充导致，非个别文件损坏。 | A6 的直接后果：音频覆盖不到时间轴末端，尾部若干槽无源单元，由插值补齐并置 valid=False。 | 有声帧占比 <0.1：含明显停顿结构。这是题目要求的「停顿明显」一类样本，**保留而非剔除**。,OK_WITH_WARN,1
-yRb-Jum7EQ_1,-yRb-Jum7EQ$_$1,-yRb-Jum7EQ,1,29.288,50,0.58576,768,74,35,55,583,438,50,50,50,1.0,1.0,1.0,1.0,uniform_assumption,measured_pts,measured_pts,1.0,0.8096,0.6209,2,0.059899,A6_audio_shorter_than_video;VFR_frame_gap,音频容器时长短于视频且差值 >0.1s（恒为 ~0.17s，系统性）：AAC 编码器 priming/填充导致，非个别文件损坏。 | 帧间隔 >0.1s（最大 0.1667s，即丢失一帧）：源视频为变帧率。视觉 pts 用解码器实测值，故不影响对齐正确性。,OK_WITH_INFO,1
-yRb-Jum7EQ_5,-yRb-Jum7EQ$_$5,-yRb-Jum7EQ,5,13.169,50,0.26338,768,74,35,29,261,198,29,50,50,0.58,1.0,1.0,1.0,uniform_assumption,measured_pts,measured_pts,1.0,0.6973,0.567,1,0.058045,A6_audio_shorter_than_video,音频容器时长短于视频且差值 >0.1s（恒为 ~0.17s，系统性）：AAC 编码器 priming/填充导致，非个别文件损坏。,OK_WITH_INFO,1
-yRb-Jum7EQ_6,-yRb-Jum7EQ$_$6,-yRb-Jum7EQ,6,11.226,50,0.22452,768,74,35,22,225,168,22,50,50,0.44,1.0,1.0,1.0,uniform_assumption,measured_pts,measured_pts,1.0,0.5244,0.32,1,0.062418,,,OK,1
