sample_id,video_id,clip_id,true_label,pred_label,true_intensity,pred_intensity,true_annotation,pred_annotation_from_regression,pred_annotation_from_classifier,correct_from_regression,correct_from_classifier,face_ratio,vision_available
-3g5yACwYnA_13,-3g5yACwYnA,13,0.666667,0.216822,0.666667,0.216822,Positive,Positive,Positive,True,True,1.0,True
-3g5yACwYnA_3,-3g5yACwYnA,3,0.0,0.143541,0.0,0.143541,Neutral,Positive,Neutral,False,True,1.0,True
-3g5yACwYnA_2,-3g5yACwYnA,2,0.0,0.375145,0.0,0.375145,Neutral,Positive,Positive,False,False,1.0,True
-3g5yACwYnA_9,-3g5yACwYnA,9,0.666667,0.502585,0.666667,0.502585,Positive,Positive,Positive,True,True,1.0,True
-3nNcZdcdvU_5,-3nNcZdcdvU,5,0.0,0.254659,0.0,0.254659,Neutral,Positive,Negative,False,False,0.9915,True
-HwX2H8Z4hY_2,-HwX2H8Z4hY,2,0.0,0.451242,0.0,0.451242,Neutral,Positive,Positive,False,False,0.9667,True
-HwX2H8Z4hY_5,-HwX2H8Z4hY,5,-1.0,0.159431,1.0,0.159431,Negative,Positive,Neutral,False,False,1.0,True
-HwX2H8Z4hY_6,-HwX2H8Z4hY,6,0.0,0.403918,0.0,0.403918,Neutral,Positive,Neutral,False,True,0.98,True
-HwX2H8Z4hY_9,-HwX2H8Z4hY,9,-0.333333,-0.006814,0.333333,0.006814,Negative,Negative,Negative,True,True,0.3534,False
-NFrJFQijFE_1,-NFrJFQijFE,1,0.333333,0.049044,0.333333,0.049044,Positive,Positive,Negative,True,False,0.093,False
-NFrJFQijFE_2,-NFrJFQijFE,2,0.0,0.103436,0.0,0.103436,Neutral,Positive,Neutral,False,True,0.0882,False
-THoVjtIkeU_12,-THoVjtIkeU,12,2.0,0.069731,2.0,0.069731,Positive,Positive,Positive,True,True,1.0,True
-THoVjtIkeU_2,-THoVjtIkeU,2,1.333333,0.507186,1.333333,0.507186,Positive,Positive,Positive,True,True,1.0,True
-THoVjtIkeU_6,-THoVjtIkeU,6,2.666667,0.572869,2.666667,0.572869,Positive,Positive,Positive,True,True,0.9917,True
-UuX1xuaiiE_1,-UuX1xuaiiE,1,1.666667,0.014883,1.666667,0.014883,Positive,Positive,Neutral,True,False,1.0,True
-UuX1xuaiiE_0,-UuX1xuaiiE,0,2.666667,0.459556,2.666667,0.459556,Positive,Positive,Positive,True,True,1.0,True
-UuX1xuaiiE_3,-UuX1xuaiiE,3,0.333333,0.652381,0.333333,0.652381,Positive,Positive,Positive,True,True,1.0,True
-UuX1xuaiiE_6,-UuX1xuaiiE,6,-0.333333,-0.272659,0.333333,0.272659,Negative,Negative,Neutral,True,False,1.0,True
-a55Q6RWvTA_3,-a55Q6RWvTA,3,0.666667,0.39476,0.666667,0.39476,Positive,Positive,Positive,True,True,1.0,True
-aNfi7CP8vM_7,-aNfi7CP8vM,7,0.0,0.213641,0.0,0.213641,Neutral,Positive,Negative,False,False,1.0,True
-aqamKhZ1Ec_0,-aqamKhZ1Ec,0,-2.0,0.174548,2.0,0.174548,Negative,Positive,Negative,False,True,1.0,True
-dxfTGcXJoc_1,-dxfTGcXJoc,1,1.666667,0.402423,1.666667,0.402423,Positive,Positive,Positive,True,True,1.0,True
-dxfTGcXJoc_0,-dxfTGcXJoc,0,1.0,0.334706,1.0,0.334706,Positive,Positive,Positive,True,True,0.7825,True
-dxfTGcXJoc_2,-dxfTGcXJoc,2,0.666667,0.442241,0.666667,0.442241,Positive,Positive,Positive,True,True,1.0,True
-dxfTGcXJoc_6,-dxfTGcXJoc,6,0.666667,0.407569,0.666667,0.407569,Positive,Positive,Positive,True,True,1.0,True
-egA8-b7-3M_26,-egA8-b7-3M,26,1.666667,0.805262,1.666667,0.805262,Positive,Positive,Positive,True,True,1.0,True
-egA8-b7-3M_17,-egA8-b7-3M,17,0.333333,1.127736,0.333333,1.127736,Positive,Positive,Positive,True,True,1.0,True
-egA8-b7-3M_18,-egA8-b7-3M,18,1.0,0.88329,1.0,0.88329,Positive,Positive,Positive,True,True,1.0,True
-egA8-b7-3M_16,-egA8-b7-3M,16,0.666667,1.054965,0.666667,1.054965,Positive,Positive,Positive,True,True,1.0,True
-egA8-b7-3M_13,-egA8-b7-3M,13,0.333333,0.794155,0.333333,0.794155,Positive,Positive,Positive,True,True,1.0,True
-egA8-b7-3M_1,-egA8-b7-3M,1,0.666667,0.242844,0.666667,0.242844,Positive,Positive,Positive,True,True,1.0,True
-egA8-b7-3M_6,-egA8-b7-3M,6,0.666667,0.825046,0.666667,0.825046,Positive,Positive,Positive,True,True,1.0,True
-egA8-b7-3M_9,-egA8-b7-3M,9,0.333333,0.565332,0.333333,0.565332,Positive,Positive,Positive,True,True,1.0,True
-egA8-b7-3M_20,-egA8-b7-3M,20,0.333333,0.677239,0.333333,0.677239,Positive,Positive,Positive,True,True,1.0,True
-iRBcNs9oI8_3,-iRBcNs9oI8,3,0.666667,0.566037,0.666667,0.566037,Positive,Positive,Positive,True,True,1.0,True
-iRBcNs9oI8_7,-iRBcNs9oI8,7,0.666667,0.670145,0.666667,0.670145,Positive,Positive,Positive,True,True,1.0,True
-iRBcNs9oI8_6,-iRBcNs9oI8,6,0.333333,0.29409,0.333333,0.29409,Positive,Positive,Positive,True,True,1.0,True
-iRBcNs9oI8_9,-iRBcNs9oI8,9,1.333333,0.552016,1.333333,0.552016,Positive,Positive,Positive,True,True,0.8824,True
-iRBcNs9oI8_8,-iRBcNs9oI8,8,1.0,0.470325,1.0,0.470325,Positive,Positive,Positive,True,True,1.0,True
-lzEya4AM_4_5,-lzEya4AM_4,5,-0.666667,-0.022928,0.666667,0.022928,Negative,Negative,Neutral,True,False,1.0,True
-lzEya4AM_4_6,-lzEya4AM_4,6,-0.333333,0.023067,0.333333,0.023067,Negative,Positive,Neutral,False,False,1.0,True
-mJ2ud6oKI8_1,-mJ2ud6oKI8,1,0.0,0.047613,0.0,0.047613,Neutral,Positive,Positive,False,False,0.0,False
-mJ2ud6oKI8_2,-mJ2ud6oKI8,2,0.0,-0.168295,0.0,0.168295,Neutral,Negative,Positive,False,False,0.5698,True
-mJ2ud6oKI8_6,-mJ2ud6oKI8,6,0.333333,0.12191,0.333333,0.12191,Positive,Positive,Negative,True,False,1.0,True
-mJ2ud6oKI8_9,-mJ2ud6oKI8,9,0.0,0.166468,0.0,0.166468,Neutral,Positive,Negative,False,False,1.0,True
-mJ2ud6oKI8_8,-mJ2ud6oKI8,8,-0.333333,0.228193,0.333333,0.228193,Negative,Positive,Neutral,False,False,1.0,True
-mqbVkbCndg_0,-mqbVkbCndg,0,0.0,0.380675,0.0,0.380675,Neutral,Positive,Positive,False,False,1.0,True
-t217m2on-s_2,-t217m2on-s,2,0.666667,0.331901,0.666667,0.331901,Positive,Positive,Positive,True,True,1.0,True
-t217m2on-s_7,-t217m2on-s,7,-0.666667,0.088686,0.666667,0.088686,Negative,Positive,Positive,False,False,1.0,True
-tANM6ETl_M_3,-tANM6ETl_M,3,0.333333,-0.072533,0.333333,0.072533,Positive,Negative,Positive,False,True,1.0,True
-tPCytz4rww_11,-tPCytz4rww,11,0.0,0.190692,0.0,0.190692,Neutral,Positive,Positive,False,False,1.0,True
-tPCytz4rww_10,-tPCytz4rww,10,0.0,0.165214,0.0,0.165214,Neutral,Positive,Neutral,False,True,1.0,True
-tPCytz4rww_12,-tPCytz4rww,12,0.0,0.280187,0.0,0.280187,Neutral,Positive,Neutral,False,True,1.0,True
-tPCytz4rww_16,-tPCytz4rww,16,0.0,0.233742,0.0,0.233742,Neutral,Positive,Positive,False,False,1.0,True
-tPCytz4rww_18,-tPCytz4rww,18,0.0,0.365803,0.0,0.365803,Neutral,Positive,Positive,False,False,1.0,True
-vxjVxOeScU_4,-vxjVxOeScU,4,1.0,0.617781,1.0,0.617781,Positive,Positive,Positive,True,True,1.0,True
-wMB_hJL-3o_7,-wMB_hJL-3o,7,0.333333,0.484326,0.333333,0.484326,Positive,Positive,Positive,True,True,0.967,True
-wny0OAz3g8_1,-wny0OAz3g8,1,0.333333,0.331472,0.333333,0.331472,Positive,Positive,Negative,True,False,1.0,True
-wny0OAz3g8_0,-wny0OAz3g8,0,0.333333,0.335355,0.333333,0.335355,Positive,Positive,Positive,True,True,1.0,True
-wny0OAz3g8_3,-wny0OAz3g8,3,-1.333333,0.344396,1.333333,0.344396,Negative,Positive,Negative,False,True,1.0,True
-wny0OAz3g8_2,-wny0OAz3g8,2,-0.333333,0.39859,0.333333,0.39859,Negative,Positive,Positive,False,False,1.0,True
-wny0OAz3g8_5,-wny0OAz3g8,5,1.0,0.366729,1.0,0.366729,Positive,Positive,Positive,True,True,1.0,True
-wny0OAz3g8_7,-wny0OAz3g8,7,0.0,0.364597,0.0,0.364597,Neutral,Positive,Positive,False,False,1.0,True
-wny0OAz3g8_9,-wny0OAz3g8,9,0.666667,0.406929,0.666667,0.406929,Positive,Positive,Positive,True,True,1.0,True
-571d8cVauQ_0,-571d8cVauQ,0,0.0,0.101059,0.0,0.101059,Neutral,Positive,Neutral,False,True,0.961,True
-571d8cVauQ_5,-571d8cVauQ,5,0.333333,1.044254,0.333333,1.044254,Positive,Positive,Positive,True,True,1.0,True
-I_e4mIh0yE_1,-I_e4mIh0yE,1,-0.666667,0.13454,0.666667,0.13454,Negative,Positive,Neutral,False,False,1.0,True
-I_e4mIh0yE_3,-I_e4mIh0yE,3,0.666667,0.067696,0.666667,0.067696,Positive,Positive,Negative,True,False,1.0,True
-UacrmKiTn4_10,-UacrmKiTn4,10,-0.666667,0.054224,0.666667,0.054224,Negative,Positive,Negative,False,True,1.0,True
-UacrmKiTn4_4,-UacrmKiTn4,4,-1.333333,-0.156316,1.333333,0.156316,Negative,Negative,Neutral,True,False,1.0,True
-hnBHBN8p5A_7,-hnBHBN8p5A,7,0.666667,0.379165,0.666667,0.379165,Positive,Positive,Positive,True,True,1.0,True
-hnBHBN8p5A_6,-hnBHBN8p5A,6,1.0,0.487673,1.0,0.487673,Positive,Positive,Positive,True,True,0.9792,True
-qDkUB0GgYY_6,-qDkUB0GgYY,6,1.333333,1.264281,1.333333,1.264281,Positive,Positive,Positive,True,True,1.0,True
-uywlfIYOS8_4,-uywlfIYOS8,4,0.333333,0.77455,0.333333,0.77455,Positive,Positive,Positive,True,True,1.0,True
-6rXp3zJ3kc_8,-6rXp3zJ3kc,8,-1.0,-0.007226,1.0,0.007226,Negative,Negative,Negative,True,True,1.0,True
-9y-fZ3swSY_0,-9y-fZ3swSY,0,1.0,0.608516,1.0,0.608516,Positive,Positive,Positive,True,True,1.0,True
-9y-fZ3swSY_4,-9y-fZ3swSY,4,0.0,0.212287,0.0,0.212287,Neutral,Positive,Positive,False,False,1.0,True
-9y-fZ3swSY_8,-9y-fZ3swSY,8,1.666667,0.457302,1.666667,0.457302,Positive,Positive,Positive,True,True,1.0,True
-AUZQgSxyPQ_2,-AUZQgSxyPQ,2,0.666667,0.144795,0.666667,0.144795,Positive,Positive,Neutral,True,False,1.0,True
-HeZS2-Prhc_2,-HeZS2-Prhc,2,0.666667,0.125014,0.666667,0.125014,Positive,Positive,Positive,True,True,1.0,True
-MeTTeMJBNc_0,-MeTTeMJBNc,0,0.333333,0.266728,0.333333,0.266728,Positive,Positive,Positive,True,True,0.9929,True
-MeTTeMJBNc_13,-MeTTeMJBNc,13,0.333333,0.437089,0.333333,0.437089,Positive,Positive,Positive,True,True,1.0,True
-MeTTeMJBNc_7,-MeTTeMJBNc,7,1.333333,0.732565,1.333333,0.732565,Positive,Positive,Positive,True,True,1.0,True
-RfYyzHpjk4_11,-RfYyzHpjk4,11,2.0,0.44601,2.0,0.44601,Positive,Positive,Positive,True,True,1.0,True
-RfYyzHpjk4_8,-RfYyzHpjk4,8,0.333333,0.304998,0.333333,0.304998,Positive,Positive,Positive,True,True,1.0,True
-RfYyzHpjk4_2,-RfYyzHpjk4,2,0.333333,0.366077,0.333333,0.366077,Positive,Positive,Positive,True,True,1.0,True
-UUCSKoHeMA_0,-UUCSKoHeMA,0,0.0,0.515384,0.0,0.515384,Neutral,Positive,Positive,False,False,0.9915,True
-ri04Z7vwnc_0,-ri04Z7vwnc,0,0.0,0.309361,0.0,0.309361,Neutral,Positive,Positive,False,False,0.0,False
-ri04Z7vwnc_2,-ri04Z7vwnc,2,-0.333333,0.251908,0.333333,0.251908,Negative,Positive,Positive,False,False,0.3667,False
-ri04Z7vwnc_5,-ri04Z7vwnc,5,0.333333,0.695916,0.333333,0.695916,Positive,Positive,Positive,True,True,1.0,True
-s9qJ7ATP7w_1,-s9qJ7ATP7w,1,0.666667,0.46479,0.666667,0.46479,Positive,Positive,Positive,True,True,1.0,True
-s9qJ7ATP7w_0,-s9qJ7ATP7w,0,-0.333333,0.340054,0.333333,0.340054,Negative,Positive,Positive,False,False,1.0,True
-s9qJ7ATP7w_5,-s9qJ7ATP7w,5,-2.0,0.380068,2.0,0.380068,Negative,Positive,Negative,False,True,1.0,True
-s9qJ7ATP7w_4,-s9qJ7ATP7w,4,0.0,0.31593,0.0,0.31593,Neutral,Positive,Negative,False,False,1.0,True
-s9qJ7ATP7w_7,-s9qJ7ATP7w,7,1.0,0.326161,1.0,0.326161,Positive,Positive,Neutral,True,False,0.7596,True
-s9qJ7ATP7w_6,-s9qJ7ATP7w,6,0.0,0.382041,0.0,0.382041,Neutral,Positive,Positive,False,False,0.8611,True
-s9qJ7ATP7w_8,-s9qJ7ATP7w,8,1.333333,0.371393,1.333333,0.371393,Positive,Positive,Positive,True,True,1.0,True
-yRb-Jum7EQ_1,-yRb-Jum7EQ,1,0.0,0.241266,0.0,0.241266,Neutral,Positive,Negative,False,False,1.0,True
-yRb-Jum7EQ_5,-yRb-Jum7EQ,5,-0.666667,0.239364,0.666667,0.239364,Negative,Positive,Negative,False,True,1.0,True
-yRb-Jum7EQ_6,-yRb-Jum7EQ,6,0.0,0.393323,0.0,0.393323,Neutral,Positive,Negative,False,False,1.0,True
