slot,t_start_sec,t_end_sec,text_words,text_valid,audio_valid,audio_unit_range,audio_t_range,vision_valid,vision_unit_range,vision_pts_range
0,0.0,0.1393,I,1,1,0-2,0.000-0.100,1,0-2,0.000-0.133
1,0.1393,0.2786,,0,1,3-5,0.150-0.250,1,3-4,0.200-0.267
2,0.2786,0.418,used,1,1,6-8,0.300-0.400,1,5-6,0.333-0.400
3,0.418,0.5573,to,1,1,9-11,0.450-0.550,1,7-8,0.467-0.533
4,0.5573,0.6966,,0,1,12-13,0.600-0.650,1,9-10,0.600-0.667
5,0.6966,0.8359,work,1,1,14-16,0.700-0.800,1,11-12,0.733-0.800
6,0.8359,0.9752,for,1,1,17-19,0.850-0.950,1,13-14,0.867-0.933
7,0.9752,1.1146,Warren,1,1,20-22,1.000-1.100,1,15-16,1.000-1.067
8,1.1146,1.2539,,0,1,23-25,1.150-1.250,1,17-18,1.133-1.200
9,1.2539,1.3932,Avis,1,1,26-27,1.300-1.350,1,19-20,1.267-1.333
10,1.3932,1.5325,",",1,1,28-30,1.400-1.500,1,21-22,1.400-1.467
11,1.5325,1.6718,,0,1,31-33,1.550-1.650,1,23-25,1.533-1.667
12,1.6718,1.8112,the,1,1,34-36,1.700-1.800,1,26-27,1.733-1.800
13,1.8112,1.9505,guy,1,1,37-39,1.850-1.950,1,28-29,1.867-1.933
14,1.9505,2.0898,,0,1,40-41,2.000-2.050,1,30-31,2.000-2.067
15,2.0898,2.2291,who,1,1,42-44,2.100-2.200,1,32-33,2.133-2.200
16,2.2291,2.3684,started,1,1,45-47,2.250-2.350,1,34-35,2.267-2.333
17,2.3684,2.5078,Avis,1,1,48-50,2.400-2.500,1,36-37,2.400-2.467
18,2.5078,2.6471,,0,1,51-52,2.550-2.600,1,38-39,2.533-2.600
19,2.6471,2.7864,Rent,1,1,53-55,2.650-2.750,1,40-41,2.667-2.733
20,2.7864,2.9257,a,1,1,56-58,2.800-2.900,1,42-43,2.800-2.867
21,2.9257,3.065,,0,1,59-61,2.950-3.050,1,44-45,2.933-3.000
22,3.065,3.2044,Car,1,1,62-64,3.100-3.200,1,46-48,3.067-3.200
23,3.2044,3.3437,",",1,1,65-66,3.250-3.300,1,49-50,3.267-3.333
24,3.3437,3.483,,0,1,67-69,3.350-3.450,1,51-52,3.400-3.467
25,3.483,3.6223,and,1,1,70-72,3.500-3.600,1,53-54,3.533-3.600
26,3.6223,3.7616,he,1,1,73-75,3.650-3.750,1,55-56,3.667-3.733
27,3.7616,3.901,said,1,1,76-78,3.800-3.900,1,57-58,3.800-3.867
28,3.901,4.0403,,0,1,79-80,3.950-4.000,1,59-60,3.933-4.000
29,4.0403,4.1796,to,1,1,81-83,4.050-4.150,1,61-62,4.067-4.133
30,4.1796,4.3189,me,1,1,84-86,4.200-4.300,1,63-64,4.200-4.267
31,4.3189,4.4582,,0,1,87-89,4.350-4.450,1,65-66,4.333-4.400
32,4.4582,4.5976,one,1,1,90-91,4.500-4.550,1,67-68,4.467-4.533
33,4.5976,4.7369,day,1,1,92-94,4.600-4.700,1,69-71,4.600-4.733
34,4.7369,4.8762,,0,1,95-97,4.750-4.850,1,72-73,4.800-4.867
35,4.8762,5.0155,",",1,1,98-100,4.900-5.000,1,74-75,4.933-5.000
36,5.0155,5.1548,"""",1,1,101-103,5.050-5.150,1,76-77,5.067-5.133
37,5.1548,5.2942,Robert,1,1,104-105,5.200-5.250,1,78-79,5.200-5.267
38,5.2942,5.4335,,0,1,106-108,5.300-5.400,1,80-81,5.333-5.400
39,5.4335,5.5728,",",1,1,109-111,5.450-5.550,1,82-83,5.467-5.533
40,5.5728,5.7121,"""",1,1,112-114,5.600-5.700,1,84-85,5.600-5.667
41,5.7121,5.8514,,0,1,115-117,5.750-5.850,1,86-87,5.733-5.800
42,5.8514,5.9908,what,1,1,118-119,5.900-5.950,1,88-89,5.867-5.933
43,5.9908,6.1301,'s,1,1,120-122,6.000-6.100,1,90-91,6.000-6.067
44,6.1301,6.2694,,0,1,123-125,6.150-6.250,1,92-94,6.133-6.267
45,6.2694,6.4087,the,1,1,126-128,6.300-6.400,1,95-96,6.333-6.400
46,6.4087,6.548,purpose,1,1,129-130,6.450-6.500,1,97-98,6.467-6.533
47,6.548,6.6874,of,1,1,131-133,6.550-6.650,1,99-100,6.600-6.667
48,6.6874,6.8267,,0,1,134-136,6.700-6.800,1,101-102,6.733-6.800
49,6.8267,6.966,business,1,0,,,1,103-103,6.900-6.900
