slot,t_start_sec,t_end_sec,text_words,text_valid,audio_valid,audio_unit_range,audio_t_range,vision_valid,vision_unit_range,vision_pts_range,char_span,char_span_original,token_index,fill_flag
0,0.0,0.0451,,0,1,0-0,0.000-0.000,1,0-0,0.000-0.000,,,,插值填充(无源帧):text
1,0.0451,0.0903,,0,1,1-1,0.050-0.050,1,1-1,0.067-0.067,,,,插值填充(无源帧):text
2,0.0903,0.1354,,0,1,2-2,0.100-0.100,1,2-2,0.133-0.133,,,,插值填充(无源帧):text
3,0.1354,0.1806,,0,1,3-3,0.150-0.150,0,,,,,,"插值填充(无源帧):text,vision"
4,0.1806,0.2257,,0,1,4-4,0.200-0.200,1,3-3,0.200-0.200,,,,插值填充(无源帧):text
5,0.2257,0.2708,They,1,1,5-5,0.250-0.250,1,4-4,0.267-0.267,0-4,0-4,1,
6,0.2708,0.316,,0,1,6-6,0.300-0.300,0,,,,,,"插值填充(无源帧):text,vision"
7,0.316,0.3611,,0,1,7-7,0.350-0.350,1,5-5,0.334-0.334,,,,插值填充(无源帧):text
8,0.3611,0.4063,,0,1,8-8,0.400-0.400,1,6-6,0.400-0.400,,,,插值填充(无源帧):text
9,0.4063,0.4514,,0,1,9-9,0.450-0.450,0,,,,,,"插值填充(无源帧):text,vision"
10,0.4514,0.4965,,0,0,,,1,7-7,0.467-0.467,,,,"插值填充(无源帧):text,audio"
11,0.4965,0.5417,,0,1,10-10,0.500-0.500,1,8-8,0.534-0.534,,,,插值填充(无源帧):text
12,0.5417,0.5868,,0,1,11-11,0.550-0.550,0,,,,,,"插值填充(无源帧):text,vision"
13,0.5868,0.632,,0,1,12-12,0.600-0.600,1,9-9,0.601-0.601,,,,插值填充(无源帧):text
14,0.632,0.6771,,0,1,13-13,0.650-0.650,1,10-10,0.667-0.667,,,,插值填充(无源帧):text
15,0.6771,0.7222,are,1,1,14-14,0.700-0.700,0,,,5-8,5-8,2,插值填充(无源帧):vision
16,0.7222,0.7674,,0,1,15-15,0.750-0.750,1,11-11,0.734-0.734,,,,插值填充(无源帧):text
17,0.7674,0.8125,,0,1,16-16,0.800-0.800,1,12-12,0.801-0.801,,,,插值填充(无源帧):text
18,0.8125,0.8577,,0,1,17-17,0.850-0.850,0,,,,,,"插值填充(无源帧):text,vision"
19,0.8577,0.9028,,0,1,18-18,0.900-0.900,1,13-13,0.868-0.868,,,,插值填充(无源帧):text
20,0.9028,0.9479,,0,0,,,1,14-14,0.934-0.934,,,,"插值填充(无源帧):text,audio"
21,0.9479,0.9931,,0,1,19-19,0.950-0.950,0,,,,,,"插值填充(无源帧):text,vision"
22,0.9931,1.0382,,0,1,20-20,1.000-1.000,1,15-15,1.001-1.001,,,,插值填充(无源帧):text
23,1.0382,1.0834,,0,1,21-21,1.050-1.050,1,16-16,1.068-1.068,,,,插值填充(无源帧):text
24,1.0834,1.1285,all,1,1,22-22,1.100-1.100,0,,,9-12,9-12,3,插值填充(无源帧):vision
25,1.1285,1.1736,,0,1,23-23,1.150-1.150,1,17-17,1.134-1.134,,,,插值填充(无源帧):text
26,1.1736,1.2188,,0,1,24-24,1.200-1.200,1,18-18,1.201-1.201,,,,插值填充(无源帧):text
27,1.2188,1.2639,,0,1,25-25,1.250-1.250,0,,,,,,"插值填充(无源帧):text,vision"
28,1.2639,1.3091,,0,1,26-26,1.300-1.300,1,19-19,1.268-1.268,,,,插值填充(无源帧):text
29,1.3091,1.3542,,0,1,27-27,1.350-1.350,1,20-20,1.335-1.335,,,,插值填充(无源帧):text
30,1.3542,1.3993,,0,0,,,0,,,,,,"插值填充(无源帧):text,audio,vision"
31,1.3993,1.4445,,0,1,28-28,1.400-1.400,1,21-21,1.401-1.401,,,,插值填充(无源帧):text
32,1.4445,1.4896,,0,1,29-29,1.450-1.450,1,22-22,1.468-1.468,,,,插值填充(无源帧):text
33,1.4896,1.5348,,0,1,30-30,1.500-1.500,0,,,,,,"插值填充(无源帧):text,vision"
34,1.5348,1.5799,,0,1,31-31,1.550-1.550,1,23-23,1.535-1.535,,,,插值填充(无源帧):text
35,1.5799,1.625,very,1,1,32-32,1.600-1.600,1,24-24,1.602-1.602,13-17,13-17,4,
36,1.625,1.6702,,0,1,33-33,1.650-1.650,1,25-25,1.668-1.668,,,,插值填充(无源帧):text
37,1.6702,1.7153,,0,1,34-34,1.700-1.700,0,,,,,,"插值填充(无源帧):text,vision"
38,1.7153,1.7605,,0,1,35-35,1.750-1.750,1,26-26,1.735-1.735,,,,插值填充(无源帧):text
39,1.7605,1.8056,,0,1,36-36,1.800-1.800,1,27-27,1.802-1.802,,,,插值填充(无源帧):text
40,1.8056,1.8507,,0,1,37-37,1.850-1.850,0,,,,,,"插值填充(无源帧):text,vision"
41,1.8507,1.8959,,0,0,,,1,28-28,1.869-1.869,,,,"插值填充(无源帧):text,audio"
42,1.8959,1.941,,0,1,38-38,1.900-1.900,1,29-29,1.935-1.935,,,,插值填充(无源帧):text
43,1.941,1.9862,,0,1,39-39,1.950-1.950,0,,,,,,"插值填充(无源帧):text,vision"
44,1.9862,2.0313,,0,1,40-40,2.000-2.000,1,30-30,2.002-2.002,,,,插值填充(无源帧):text
45,2.0313,2.0764,safe,1,1,41-41,2.050-2.050,1,31-31,2.069-2.069,18-22,18-22,5,
46,2.0764,2.1216,,0,1,42-42,2.100-2.100,0,,,,,,"插值填充(无源帧):text,vision"
47,2.1216,2.1667,,0,1,43-43,2.150-2.150,1,32-32,2.135-2.135,,,,插值填充(无源帧):text
48,2.1667,2.2119,,0,1,44-44,2.200-2.200,1,33-33,2.202-2.202,,,,插值填充(无源帧):text
49,2.2119,2.257,,0,0,,,0,,,,,,"插值填充(无源帧):text,audio,vision"
