sample_key,alignment_mode,n_official_words,n_structurally_valid_words,video_frame_count,face_detected_frame_count,face_valid_ratio,word_union_coverage_ratio,original_effective_duration_sec,notes,counts_as_deletion,action
-HwX2H8Z4hY$_$2,UNCERTAIN_REVIEW,7,7,119,25,0.21008403361344538,0.17876238967008765,3.9666666666666663,word_coverage_below_0.5,0,仅标注，不删除
-HwX2H8Z4hY$_$9,UNCERTAIN_REVIEW,22,21,232,0,0.0,0.9127442073644838,7.733333333333333,no_face_detected,0,仅标注，不删除
-NFrJFQijFE$_$1,UNCERTAIN_REVIEW,16,5,142,0,0.0,0.8340880475359501,5.72,no_face_detected,0,仅标注，不删除
-NFrJFQijFE$_$2,UNCERTAIN_REVIEW,18,5,169,0,0.0,0.7195842236384165,6.84,no_face_detected,0,仅标注，不删除
-iRBcNs9oI8$_$3,UNCERTAIN_REVIEW,8,6,167,0,0.0,0.38279239832076917,5.6056,no_face_detected|word_coverage_below_0.5,0,仅标注，不删除
-iRBcNs9oI8$_$7,UNCERTAIN_REVIEW,9,4,120,0,0.0,0.7589090682144417,4.070733333333333,no_face_detected,0,仅标注，不删除
-iRBcNs9oI8$_$6,UNCERTAIN_REVIEW,5,3,85,0,0.0,0.482194694971968,2.8695333333333335,no_face_detected|word_coverage_below_0.5,0,仅标注，不删除
-iRBcNs9oI8$_$9,UNCERTAIN_REVIEW,5,3,102,0,0.0,0.5394090951190145,3.4034,no_face_detected,0,仅标注，不删除
-iRBcNs9oI8$_$8,UNCERTAIN_REVIEW,21,11,241,0,0.0,0.21741669716626302,8.074733333333333,no_face_detected|word_coverage_below_0.5,0,仅标注，不删除
-lzEya4AM_4$_$5,UNCERTAIN_REVIEW,19,19,229,0,0.0,0.7556454609255665,7.666666666666667,no_face_detected,0,仅标注，不删除
-lzEya4AM_4$_$6,UNCERTAIN_REVIEW,43,42,443,0,0.0,0.6661974339187436,14.766666666666666,no_face_detected,0,仅标注，不删除
-mJ2ud6oKI8$_$1,TRI_MODAL_WITH_AUDIO_CONTENT_INVALID,13,0,182,0,0.0,0.0,6.072733333333334,TRI_MODAL_WITH_AUDIO_CONTENT_INVALID|no_face_detected|word_coverage_below_0.5,0,仅标注，不删除
-mJ2ud6oKI8$_$2,TRI_MODAL_WITH_AUDIO_CONTENT_INVALID,11,0,171,0,0.0,0.0,5.7057,TRI_MODAL_WITH_AUDIO_CONTENT_INVALID|no_face_detected|word_coverage_below_0.5,0,仅标注，不删除
-571d8cVauQ$_$0,UNCERTAIN_REVIEW,12,12,152,0,0.0,0.6389824354945729,5.166666666666667,no_face_detected,0,仅标注，不删除
-571d8cVauQ$_$5,UNCERTAIN_REVIEW,43,42,455,0,0.0,0.6946626751128828,15.266666666666666,no_face_detected,0,仅标注，不删除
-UacrmKiTn4$_$10,UNCERTAIN_REVIEW,18,17,218,0,0.0,0.7622138030429865,7.333333333333333,no_face_detected,0,仅标注，不删除
-UacrmKiTn4$_$4,UNCERTAIN_REVIEW,14,14,142,0,0.0,0.6834777269025911,4.733333333333333,no_face_detected,0,仅标注，不删除
-hnBHBN8p5A$_$7,UNCERTAIN_REVIEW,13,6,176,0,0.0,0.4474204058595654,7.3406666666666665,no_face_detected|word_coverage_below_0.5,0,仅标注，不删除
-hnBHBN8p5A$_$6,UNCERTAIN_REVIEW,13,3,153,36,0.23529411764705882,0.4705650135701949,6.381366666666667,word_coverage_below_0.5,0,仅标注，不删除
-qDkUB0GgYY$_$6,UNCERTAIN_REVIEW,16,15,140,0,0.0,0.6435972099952598,4.666666666666667,no_face_detected,0,仅标注，不删除
-HeZS2-Prhc$_$2,UNCERTAIN_REVIEW,16,16,246,0,0.0,0.7312098394344168,8.233333333333333,no_face_detected,0,仅标注，不删除
-MeTTeMJBNc$_$0,UNCERTAIN_REVIEW,21,20,279,0,0.0,0.7365773290935841,9.333333333333334,no_face_detected,0,仅标注，不删除
-MeTTeMJBNc$_$13,UNCERTAIN_REVIEW,14,12,159,0,0.0,0.6507468366473218,5.3999999999999995,no_face_detected,0,仅标注，不删除
-MeTTeMJBNc$_$7,UNCERTAIN_REVIEW,31,31,314,0,0.0,0.851957906363871,10.5,no_face_detected,0,仅标注，不删除
-UUCSKoHeMA$_$0,UNCERTAIN_REVIEW,18,18,234,0,0.0,0.6699214329593587,7.866666666666666,no_face_detected,0,仅标注，不删除
-ri04Z7vwnc$_$0,UNCERTAIN_REVIEW,8,0,67,0,0.0,0.0,2.7944666666666667,no_face_detected|word_coverage_below_0.5,0,仅标注，不删除
-ri04Z7vwnc$_$2,UNCERTAIN_REVIEW,16,6,143,50,0.34965034965034963,0.39233094468049123,6.005988888888888,word_coverage_below_0.5,0,仅标注，不删除
-ri04Z7vwnc$_$5,UNCERTAIN_REVIEW,8,3,83,83,1.0,0.29071880223853475,3.5035000000000003,word_coverage_below_0.5,0,仅标注，不删除
-yRb-Jum7EQ$_$6,UNCERTAIN_REVIEW,19,11,336,336,1.0,0.42767857142857135,11.2425625,word_coverage_below_0.5,0,仅标注，不删除
