sample_key,alignment_mode,alignment_granularity,text_av_time_mapping_status,text_audio_correspondence,content_assertion,word_time_basis,alignment_source,n_official_words,n_structurally_valid_words,audio_speech_valid,video_frame_count,face_valid_ratio
-3g5yACwYnA$_$13,UNCERTAIN_REVIEW,word,word_partial,not_asserted,0,own_forced_alignment,q1v2_own_stable_ts_run,15,14,-1,163,1.0
-3g5yACwYnA$_$3,UNCERTAIN_REVIEW,word,word_partial,not_asserted,0,own_forced_alignment,q1v2_own_stable_ts_run,29,28,-1,431,1.0
-3g5yACwYnA$_$2,UNCERTAIN_REVIEW,word,word_valid,not_asserted,0,own_forced_alignment,q1v2_own_stable_ts_run,14,14,-1,278,1.0
-3g5yACwYnA$_$9,UNCERTAIN_REVIEW,word,word_valid,not_asserted,0,own_forced_alignment,q1v2_own_stable_ts_run,21,21,-1,263,1.0
-3nNcZdcdvU$_$5,UNCERTAIN_REVIEW,word,word_partial,not_asserted,0,own_forced_alignment,q1v2_own_stable_ts_run,18,17,-1,236,0.9957627118644068
-HwX2H8Z4hY$_$2,UNCERTAIN_REVIEW,word,word_valid,not_asserted,0,own_forced_alignment,q1v2_own_stable_ts_run,7,7,-1,119,0.21008403361344538
-HwX2H8Z4hY$_$5,UNCERTAIN_REVIEW,word,word_valid,not_asserted,0,own_forced_alignment,q1v2_own_stable_ts_run,9,9,-1,168,0.23809523809523808
-HwX2H8Z4hY$_$6,UNCERTAIN_REVIEW,word,word_valid,not_asserted,0,own_forced_alignment,q1v2_own_stable_ts_run,7,7,-1,99,0.43434343434343436
-HwX2H8Z4hY$_$9,UNCERTAIN_REVIEW,word,word_partial,not_asserted,0,own_forced_alignment,q1v2_own_stable_ts_run,22,21,-1,232,0.0
-NFrJFQijFE$_$1,UNCERTAIN_REVIEW,word,word_partial,not_asserted,0,own_forced_alignment,q1v2_own_stable_ts_run,16,5,-1,142,0.0
-NFrJFQijFE$_$2,UNCERTAIN_REVIEW,word,word_partial,not_asserted,0,own_forced_alignment,q1v2_own_stable_ts_run,18,5,-1,169,0.0
-THoVjtIkeU$_$12,UNCERTAIN_REVIEW,word,word_partial,not_asserted,0,own_forced_alignment,q1v2_own_stable_ts_run,39,37,-1,445,1.0
-THoVjtIkeU$_$2,UNCERTAIN_REVIEW,word,word_valid,not_asserted,0,own_forced_alignment,q1v2_own_stable_ts_run,10,10,-1,128,1.0
-THoVjtIkeU$_$6,UNCERTAIN_REVIEW,word,word_partial,not_asserted,0,own_forced_alignment,q1v2_own_stable_ts_run,30,29,-1,241,0.995850622406639
-UuX1xuaiiE$_$1,UNCERTAIN_REVIEW,word,word_valid,not_asserted,0,own_forced_alignment,q1v2_own_stable_ts_run,27,27,-1,309,0.045307443365695796
-UuX1xuaiiE$_$0,UNCERTAIN_REVIEW,word,word_valid,not_asserted,0,own_forced_alignment,q1v2_own_stable_ts_run,9,9,-1,109,0.4954128440366973
-UuX1xuaiiE$_$3,UNCERTAIN_REVIEW,word,word_valid,not_asserted,0,own_forced_alignment,q1v2_own_stable_ts_run,9,9,-1,123,0.991869918699187
-UuX1xuaiiE$_$6,UNCERTAIN_REVIEW,word,word_valid,not_asserted,0,own_forced_alignment,q1v2_own_stable_ts_run,22,22,-1,240,0.9958333333333333
-a55Q6RWvTA$_$3,UNCERTAIN_REVIEW,word,word_partial,not_asserted,0,own_forced_alignment,q1v2_own_stable_ts_run,65,62,-1,664,1.0
-aNfi7CP8vM$_$7,UNCERTAIN_REVIEW,word,word_partial,not_asserted,0,own_forced_alignment,q1v2_own_stable_ts_run,18,17,-1,257,1.0
-aqamKhZ1Ec$_$0,UNCERTAIN_REVIEW,word,word_partial,not_asserted,0,own_forced_alignment,q1v2_own_stable_ts_run,14,13,-1,329,1.0
-dxfTGcXJoc$_$1,UNCERTAIN_REVIEW,word,word_valid,not_asserted,0,own_forced_alignment,q1v2_own_stable_ts_run,36,36,-1,482,1.0
-dxfTGcXJoc$_$0,UNCERTAIN_REVIEW,word,word_partial,not_asserted,0,own_forced_alignment,q1v2_own_stable_ts_run,40,39,-1,615,0.7788617886178861
-dxfTGcXJoc$_$2,UNCERTAIN_REVIEW,word,word_valid,not_asserted,0,own_forced_alignment,q1v2_own_stable_ts_run,34,34,-1,500,1.0
-dxfTGcXJoc$_$6,UNCERTAIN_REVIEW,word,word_valid,not_asserted,0,own_forced_alignment,q1v2_own_stable_ts_run,27,27,-1,381,0.9973753280839895
-egA8-b7-3M$_$26,UNCERTAIN_REVIEW,word,word_valid,not_asserted,0,own_forced_alignment,q1v2_own_stable_ts_run,15,15,-1,179,1.0
-egA8-b7-3M$_$17,UNCERTAIN_REVIEW,word,word_valid,not_asserted,0,own_forced_alignment,q1v2_own_stable_ts_run,16,16,-1,215,1.0
-egA8-b7-3M$_$18,UNCERTAIN_REVIEW,word,word_partial,not_asserted,0,own_forced_alignment,q1v2_own_stable_ts_run,22,21,-1,250,1.0
-egA8-b7-3M$_$16,UNCERTAIN_REVIEW,word,word_valid,not_asserted,0,own_forced_alignment,q1v2_own_stable_ts_run,11,11,-1,166,1.0
-egA8-b7-3M$_$13,UNCERTAIN_REVIEW,word,word_valid,not_asserted,0,own_forced_alignment,q1v2_own_stable_ts_run,11,11,-1,123,1.0
-egA8-b7-3M$_$1,UNCERTAIN_REVIEW,word,word_partial,not_asserted,0,own_forced_alignment,q1v2_own_stable_ts_run,20,19,-1,306,1.0
-egA8-b7-3M$_$6,UNCERTAIN_REVIEW,word,word_valid,not_asserted,0,own_forced_alignment,q1v2_own_stable_ts_run,12,12,-1,187,1.0
-egA8-b7-3M$_$9,UNCERTAIN_REVIEW,word,word_valid,not_asserted,0,own_forced_alignment,q1v2_own_stable_ts_run,10,10,-1,150,1.0
-egA8-b7-3M$_$20,UNCERTAIN_REVIEW,word,word_valid,not_asserted,0,own_forced_alignment,q1v2_own_stable_ts_run,20,20,-1,196,1.0
-iRBcNs9oI8$_$3,UNCERTAIN_REVIEW,word,word_partial,not_asserted,0,own_forced_alignment,q1v2_own_stable_ts_run,8,6,-1,167,0.0
-iRBcNs9oI8$_$7,UNCERTAIN_REVIEW,word,word_partial,not_asserted,0,own_forced_alignment,q1v2_own_stable_ts_run,9,4,-1,120,0.0
-iRBcNs9oI8$_$6,UNCERTAIN_REVIEW,word,word_partial,not_asserted,0,own_forced_alignment,q1v2_own_stable_ts_run,5,3,-1,85,0.0
-iRBcNs9oI8$_$9,UNCERTAIN_REVIEW,word,word_partial,not_asserted,0,own_forced_alignment,q1v2_own_stable_ts_run,5,3,-1,102,0.0
-iRBcNs9oI8$_$8,UNCERTAIN_REVIEW,word,word_partial,not_asserted,0,own_forced_alignment,q1v2_own_stable_ts_run,21,11,-1,241,0.0
-lzEya4AM_4$_$5,UNCERTAIN_REVIEW,word,word_valid,not_asserted,0,own_forced_alignment,q1v2_own_stable_ts_run,19,19,-1,229,0.0
-lzEya4AM_4$_$6,UNCERTAIN_REVIEW,word,word_partial,not_asserted,0,own_forced_alignment,q1v2_own_stable_ts_run,43,42,-1,443,0.0
-mJ2ud6oKI8$_$1,TRI_MODAL_WITH_AUDIO_CONTENT_INVALID,clip,clip_only,no_speech,0,none,q1v2_own_stable_ts_run,13,0,0,182,0.0
-mJ2ud6oKI8$_$2,TRI_MODAL_WITH_AUDIO_CONTENT_INVALID,clip,clip_only,no_speech,0,none,q1v2_own_stable_ts_run,11,0,0,171,0.0
-mJ2ud6oKI8$_$6,UNCERTAIN_REVIEW,word,word_partial,not_asserted,0,own_forced_alignment,q1v2_own_stable_ts_run,5,3,-1,67,1.0
-mJ2ud6oKI8$_$9,UNCERTAIN_REVIEW,word,word_partial,not_asserted,0,own_forced_alignment,q1v2_own_stable_ts_run,22,6,-1,208,0.9951923076923077
-mJ2ud6oKI8$_$8,UNCERTAIN_REVIEW,word,word_partial,not_asserted,0,own_forced_alignment,q1v2_own_stable_ts_run,11,6,-1,125,1.0
-mqbVkbCndg$_$0,UNCERTAIN_REVIEW,word,word_valid,not_asserted,0,own_forced_alignment,q1v2_own_stable_ts_run,12,12,-1,194,1.0
-t217m2on-s$_$2,UNCERTAIN_REVIEW,word,word_valid,not_asserted,0,own_forced_alignment,q1v2_own_stable_ts_run,12,12,-1,170,1.0
-t217m2on-s$_$7,UNCERTAIN_REVIEW,word,word_partial,not_asserted,0,own_forced_alignment,q1v2_own_stable_ts_run,45,44,-1,512,1.0
-tANM6ETl_M$_$3,UNCERTAIN_REVIEW,word,word_partial,not_asserted,0,own_forced_alignment,q1v2_own_stable_ts_run,22,21,-1,200,0.99
-tPCytz4rww$_$11,UNCERTAIN_REVIEW,word,word_valid,not_asserted,0,own_forced_alignment,q1v2_own_stable_ts_run,17,17,-1,164,1.0
-tPCytz4rww$_$10,UNCERTAIN_REVIEW,word,word_valid,not_asserted,0,own_forced_alignment,q1v2_own_stable_ts_run,12,12,-1,142,1.0
-tPCytz4rww$_$12,UNCERTAIN_REVIEW,word,word_valid,not_asserted,0,own_forced_alignment,q1v2_own_stable_ts_run,26,26,-1,353,1.0
-tPCytz4rww$_$16,UNCERTAIN_REVIEW,word,word_valid,not_asserted,0,own_forced_alignment,q1v2_own_stable_ts_run,16,16,-1,216,1.0
-tPCytz4rww$_$18,UNCERTAIN_REVIEW,word,word_valid,not_asserted,0,own_forced_alignment,q1v2_own_stable_ts_run,16,16,-1,199,1.0
-vxjVxOeScU$_$4,UNCERTAIN_REVIEW,word,word_partial,not_asserted,0,own_forced_alignment,q1v2_own_stable_ts_run,21,20,-1,272,1.0
-wMB_hJL-3o$_$7,UNCERTAIN_REVIEW,word,word_valid,not_asserted,0,own_forced_alignment,q1v2_own_stable_ts_run,22,22,-1,181,0.9723756906077348
-wny0OAz3g8$_$1,UNCERTAIN_REVIEW,word,word_partial,not_asserted,0,own_forced_alignment,q1v2_own_stable_ts_run,22,21,-1,205,0.6390243902439025
-wny0OAz3g8$_$0,UNCERTAIN_REVIEW,word,word_valid,not_asserted,0,own_forced_alignment,q1v2_own_stable_ts_run,9,9,-1,100,0.83
-wny0OAz3g8$_$3,UNCERTAIN_REVIEW,word,word_valid,not_asserted,0,own_forced_alignment,q1v2_own_stable_ts_run,20,20,-1,184,0.6684782608695652
-wny0OAz3g8$_$2,UNCERTAIN_REVIEW,word,word_partial,not_asserted,0,own_forced_alignment,q1v2_own_stable_ts_run,23,22,-1,197,0.8324873096446701
-wny0OAz3g8$_$5,UNCERTAIN_REVIEW,word,word_partial,not_asserted,0,own_forced_alignment,q1v2_own_stable_ts_run,20,19,-1,204,0.18627450980392157
-wny0OAz3g8$_$7,UNCERTAIN_REVIEW,word,word_partial,not_asserted,0,own_forced_alignment,q1v2_own_stable_ts_run,29,28,-1,240,0.95
-wny0OAz3g8$_$9,UNCERTAIN_REVIEW,word,word_partial,not_asserted,0,own_forced_alignment,q1v2_own_stable_ts_run,20,19,-1,183,0.9453551912568307
-571d8cVauQ$_$0,UNCERTAIN_REVIEW,word,word_valid,not_asserted,0,own_forced_alignment,q1v2_own_stable_ts_run,12,12,-1,152,0.0
-571d8cVauQ$_$5,UNCERTAIN_REVIEW,word,word_partial,not_asserted,0,own_forced_alignment,q1v2_own_stable_ts_run,43,42,-1,455,0.0
-I_e4mIh0yE$_$1,UNCERTAIN_REVIEW,word,word_valid,not_asserted,0,own_forced_alignment,q1v2_own_stable_ts_run,18,18,-1,225,1.0
-I_e4mIh0yE$_$3,UNCERTAIN_REVIEW,word,word_partial,not_asserted,0,own_forced_alignment,q1v2_own_stable_ts_run,22,21,-1,271,1.0
-UacrmKiTn4$_$10,UNCERTAIN_REVIEW,word,word_partial,not_asserted,0,own_forced_alignment,q1v2_own_stable_ts_run,18,17,-1,218,0.0
-UacrmKiTn4$_$4,UNCERTAIN_REVIEW,word,word_valid,not_asserted,0,own_forced_alignment,q1v2_own_stable_ts_run,14,14,-1,142,0.0
-hnBHBN8p5A$_$7,UNCERTAIN_REVIEW,word,word_partial,not_asserted,0,own_forced_alignment,q1v2_own_stable_ts_run,13,6,-1,176,0.0
-hnBHBN8p5A$_$6,UNCERTAIN_REVIEW,word,word_partial,not_asserted,0,own_forced_alignment,q1v2_own_stable_ts_run,13,3,-1,153,0.23529411764705882
-qDkUB0GgYY$_$6,UNCERTAIN_REVIEW,word,word_partial,not_asserted,0,own_forced_alignment,q1v2_own_stable_ts_run,16,15,-1,140,0.0
-uywlfIYOS8$_$4,UNCERTAIN_REVIEW,word,word_partial,not_asserted,0,own_forced_alignment,q1v2_own_stable_ts_run,18,17,-1,179,1.0
-6rXp3zJ3kc$_$8,UNCERTAIN_REVIEW,word,word_valid,not_asserted,0,own_forced_alignment,q1v2_own_stable_ts_run,34,34,-1,384,1.0
-9y-fZ3swSY$_$0,UNCERTAIN_REVIEW,word,word_partial,not_asserted,0,own_forced_alignment,q1v2_own_stable_ts_run,22,17,-1,205,1.0
-9y-fZ3swSY$_$4,UNCERTAIN_REVIEW,word,word_valid,not_asserted,0,own_forced_alignment,q1v2_own_stable_ts_run,9,9,-1,81,0.9753086419753086
-9y-fZ3swSY$_$8,UNCERTAIN_REVIEW,word,word_valid,not_asserted,0,own_forced_alignment,q1v2_own_stable_ts_run,12,12,-1,149,0.785234899328859
-AUZQgSxyPQ$_$2,UNCERTAIN_REVIEW,word,word_valid,not_asserted,0,own_forced_alignment,q1v2_own_stable_ts_run,41,41,-1,674,1.0
-HeZS2-Prhc$_$2,UNCERTAIN_REVIEW,word,word_valid,not_asserted,0,own_forced_alignment,q1v2_own_stable_ts_run,16,16,-1,246,0.0
-MeTTeMJBNc$_$0,UNCERTAIN_REVIEW,word,word_partial,not_asserted,0,own_forced_alignment,q1v2_own_stable_ts_run,21,20,-1,279,0.0
-MeTTeMJBNc$_$13,UNCERTAIN_REVIEW,word,word_partial,not_asserted,0,own_forced_alignment,q1v2_own_stable_ts_run,14,12,-1,159,0.0
-MeTTeMJBNc$_$7,UNCERTAIN_REVIEW,word,word_valid,not_asserted,0,own_forced_alignment,q1v2_own_stable_ts_run,31,31,-1,314,0.0
-RfYyzHpjk4$_$11,UNCERTAIN_REVIEW,word,word_valid,not_asserted,0,own_forced_alignment,q1v2_own_stable_ts_run,17,17,-1,154,1.0
-RfYyzHpjk4$_$8,UNCERTAIN_REVIEW,word,word_partial,not_asserted,0,own_forced_alignment,q1v2_own_stable_ts_run,17,16,-1,137,1.0
-RfYyzHpjk4$_$2,UNCERTAIN_REVIEW,word,word_partial,not_asserted,0,own_forced_alignment,q1v2_own_stable_ts_run,25,24,-1,164,0.9878048780487805
-UUCSKoHeMA$_$0,UNCERTAIN_REVIEW,word,word_valid,not_asserted,0,own_forced_alignment,q1v2_own_stable_ts_run,18,18,-1,234,0.0
-ri04Z7vwnc$_$0,UNCERTAIN_REVIEW,clip,clip_only,not_asserted,0,none,q1v2_own_stable_ts_run,8,0,-1,67,0.0
-ri04Z7vwnc$_$2,UNCERTAIN_REVIEW,word,word_partial,not_asserted,0,own_forced_alignment,q1v2_own_stable_ts_run,16,6,-1,143,0.34965034965034963
-ri04Z7vwnc$_$5,UNCERTAIN_REVIEW,word,word_partial,not_asserted,0,own_forced_alignment,q1v2_own_stable_ts_run,8,3,-1,83,1.0
-s9qJ7ATP7w$_$1,UNCERTAIN_REVIEW,word,word_valid,not_asserted,0,own_forced_alignment,q1v2_own_stable_ts_run,11,11,-1,140,1.0
-s9qJ7ATP7w$_$0,UNCERTAIN_REVIEW,word,word_partial,not_asserted,0,own_forced_alignment,q1v2_own_stable_ts_run,24,18,-1,204,1.0
-s9qJ7ATP7w$_$5,UNCERTAIN_REVIEW,word,word_valid,not_asserted,0,own_forced_alignment,q1v2_own_stable_ts_run,19,19,-1,253,1.0
-s9qJ7ATP7w$_$4,UNCERTAIN_REVIEW,word,word_valid,not_asserted,0,own_forced_alignment,q1v2_own_stable_ts_run,9,9,-1,129,0.6589147286821705
-s9qJ7ATP7w$_$7,UNCERTAIN_REVIEW,word,word_partial,not_asserted,0,own_forced_alignment,q1v2_own_stable_ts_run,28,26,-1,207,0.5700483091787439
-s9qJ7ATP7w$_$6,UNCERTAIN_REVIEW,word,word_valid,not_asserted,0,own_forced_alignment,q1v2_own_stable_ts_run,5,5,-1,71,0.8309859154929577
-s9qJ7ATP7w$_$8,UNCERTAIN_REVIEW,word,word_valid,not_asserted,0,own_forced_alignment,q1v2_own_stable_ts_run,12,12,-1,97,0.979381443298969
-yRb-Jum7EQ$_$1,UNCERTAIN_REVIEW,word,word_partial,not_asserted,0,own_forced_alignment,q1v2_own_stable_ts_run,49,37,-1,875,0.9691428571428572
-yRb-Jum7EQ$_$5,UNCERTAIN_REVIEW,word,word_partial,not_asserted,0,own_forced_alignment,q1v2_own_stable_ts_run,25,17,-1,394,1.0
-yRb-Jum7EQ$_$6,UNCERTAIN_REVIEW,word,word_partial,not_asserted,0,own_forced_alignment,q1v2_own_stable_ts_run,19,11,-1,336,1.0
